timestamp,station_id,station_name,latitude,longitude,percent_full,state
2025-05-08 15:22:32,00284700-9d22-42ce-8485-113fed9879c1,28 Ave & 44 St,40.764089,-73.910651,0.0526,empty
2025-05-08 15:22:32,0096fecb-3a56-4585-9204-aa9554f7bc49,E 5 St & Ave A,40.72479,-73.984301,0.0,empty
2025-05-08 15:22:32,00d3e65e-b614-4408-aaa9-939ed96ce645,Perry St & Greenwich Ave,40.735918,-74.000939,0.1321,empty
2025-05-08 15:22:32,00d94dfc-3695-47e1-aba6-7f319dd2eb08,Bergen St & Kingston Ave,40.6756,-73.9415,0.0,empty
2025-05-08 15:22:32,0197e9da-ae03-40a7-8270-fe500bfc9e18,Boston Rd & E 167 St,40.828199,-73.903719,0.09519999999999999,empty
2025-05-08 15:22:32,01b7973e-c92e-4fbe-890e-2c24de33ce0e,Macon St & Patchen Ave,40.68374,-73.9261,0.10529999999999999,empty
2025-05-08 15:22:32,01f01352-50d4-484e-a611-576b18ac373a,Bergen St & 4 Ave,40.682564,-73.979898,0.0,empty
2025-05-08 15:22:32,023127f2-a6e0-4fae-ba34-178acccb993e,5 Ave & E 135 St,40.812191,-73.937838,0.0,empty
2025-05-08 15:22:32,023cf549-bd85-4f9a-abd8-70ba29d7e86b,W Tremont Ave & Montgomery Ave,40.851788,-73.916418,0.09519999999999999,empty
2025-05-08 15:22:32,0575e356-72f4-4251-8e15-574cf60bd190,Bushwick Ave & Forrest St,40.70076,-73.93641,0.05,empty
2025-05-08 15:22:32,058ee86d-ce2a-4597-99f7-f78f082b33e3,St Nicholas Ave & W 157 St,40.832314,-73.94102,0.0,empty
2025-05-08 15:22:32,05d03a63-b5f2-40d9-9a3d-d2fe666a307f,College Ave & E 170 St,40.837576,-73.910489,0.0833,empty
2025-05-08 15:22:32,06f0d251-e1e3-435c-8c5f-9b991a14ca4a,49 St & 25 Ave,40.764496,-73.904632,0.12,empty
2025-05-08 15:22:32,079b5a90-1d2b-40b2-b1e9-71c075f16b89,Chauncey St & Howard Ave,40.68158,-73.91959,0.047599999999999996,empty
2025-05-08 15:22:32,081d243e-d75e-4e2a-bdae-a990b2397532,Lewis Ave & Greene Ave,40.68995,-73.9365,0.0435,empty
2025-05-08 15:22:32,085da8d4-9465-46f0-82d1-10c9c9177d64,Prospect Pl & Howard Ave,40.67261,-73.91977,0.15789999999999998,empty
2025-05-08 15:22:32,08bf2fe0-219d-48cd-87c5-6163b3a2eafd,Steinway St & 28 Ave,40.765625,-73.913669,0.12,empty
2025-05-08 15:22:32,0927e331-866f-4d99-99b4-04edde99117a,27 Ave & 9 St,40.773983,-73.930913,0.2,empty
2025-05-08 15:22:32,09a0c507-7cda-4f3f-9988-78de0baa28e4,Grand Concourse & E 156 St,40.823429,-73.924689,0.047599999999999996,empty
2025-05-08 15:22:32,09b00240-4c2a-4900-9d09-f13344461c02,31 Pl & Hunters Point Ave,40.740214,-73.93537,0.9473999999999999,full
2025-05-08 15:22:32,0cc38ba1-4625-4821-9a6f-e490525cbce2,Windsor Pl & 8 Ave,40.660906,-73.983074,0.1,empty
2025-05-08 15:22:32,0dc63044-e19c-474d-9df1-c3e504d03b07,Ave C & E 16 St,40.729848,-73.974552,0.1042,empty
2025-05-08 15:22:32,0dd71c6d-11ee-4ad4-ba99-36b9ad36112c,St Marks Ave & Thomas S. Boyland St,40.67313,-73.91387,0.0,empty
2025-05-08 15:22:32,0ddb965d-95ef-4ce3-bde6-81a56ac1fbd2,Edgecombe Ave & W 145 St,40.823498,-73.94386,0.0645,empty
2025-05-08 15:22:32,0df3a035-5a38-4ec2-826a-0a5376e8d8a0,W 186 St & St Nicholas Ave,40.852253,-73.931308,0.15380000000000002,empty
2025-05-08 15:22:32,0e8bfd72-c494-4d3e-85e2-4f98b801fe3b,Sterling Pl & Schenectady Ave,40.6716,-73.93378,0.0,empty
2025-05-08 15:22:32,0eacb768-c7d5-4499-9182-9a1331d9280c,16 St & 4 Ave,40.666197,-73.992466,0.9,full
2025-05-08 15:22:32,0ebdda6a-37e4-4ff4-94e8-3947f49d8e24,Knickerbocker Ave & Hancock St,40.69385,-73.90974,0.0,empty
2025-05-08 15:22:32,101c813e-02a8-4b6b-bd5d-981c1ea62019,Pacific St & Thomas S. Boyland St,40.67568,-73.91396,0.1905,empty
2025-05-08 15:22:32,122111c9-9a61-4372-a756-fb2495611cb6,7 Ave & 17 St,40.660938,-73.986804,0.047599999999999996,empty
2025-05-08 15:22:32,1318e05a-2506-43c6-b49d-4c1f7f69a267,Hancock St & Wyckoff Ave,40.6972,-73.90674,0.15789999999999998,empty
2025-05-08 15:22:32,13b82a41-c25b-428f-a07b-5f5d8340c6f2,Tiebout Ave & E 184 St,40.858498,-73.89637,0.11109999999999999,empty
2025-05-08 15:22:32,14391923-6727-4359-92e9-03e0b5094753,E 77 St & 1 Ave,40.770956,-73.953562,0.057699999999999994,empty
2025-05-08 15:22:32,14f928c6-9a51-40a2-b7e6-a74e8b351dbf,Lenox Ave & W 130 St,40.810792,-73.943068,0.16,empty
2025-05-08 15:22:32,1597ea95-0b6b-425a-8d13-ed86ee0754b5,Lexington Ave & Stuyvesant Ave,40.68973,-73.93353,0.1,empty
2025-05-08 15:22:32,160e21da-6dd2-47ff-8385-e13c8cdce4fa,57 St & 1 Ave,40.646377,-74.023087,0.963,full
2025-05-08 15:22:32,16836c76-c412-4ec3-bac8-3c6a5a3d9745,Madison St & Woodward Ave,40.70408,-73.90408,0.1,empty
2025-05-08 15:22:32,16c54bf4-194b-4f26-9c49-a42901b4748d,40 St & Queens Blvd,40.74354,-73.924352,0.2,empty
2025-05-08 15:22:32,16e17ca1-b2dc-47d0-8c8b-199cb4736fe7,Aqueduct Ave & W 190 St,40.864921,-73.902424,0.0,empty
2025-05-08 15:22:32,174bf571-e597-463d-84bc-611c4a13d85e,Eastern Pkwy & Nostrand Ave,40.66967,-73.9503,0.0,empty
2025-05-08 15:22:32,1786686999403592506,Ash St & Manhattan Ave,40.738095,-73.954867,0.129,empty
2025-05-08 15:22:32,1786687245202023014,Greenpoint Ave & West St,40.729803,-73.959099,0.9143000000000001,full
2025-05-08 15:22:32,1786696251091417274,Eagle St & Manhattan Ave,40.735217,-73.954926,0.1429,empty
2025-05-08 15:22:32,1786696384892428996,Monitor St & Meeker Ave,40.721226,-73.941845,0.047599999999999996,empty
2025-05-08 15:22:32,1786696564295760054,Scholes St & Lorimer St,40.708323,-73.948732,0.1852,empty
2025-05-08 15:22:32,1786696780996714874,Driggs Ave & S 2 St,40.712628,-73.960575,0.1,empty
2025-05-08 15:22:32,1786697932047949952,Manhattan Ave & Devoe St,40.713532,-73.945987,0.9582999999999999,full
2025-05-08 15:22:32,1786698321265653818,S 4 St & Roebling St,40.710709,-73.959724,0.048799999999999996,empty
2025-05-08 15:22:32,1786698974100683436,N 7 St & Driggs Ave,40.716967,-73.956388,0.9623,full
2025-05-08 15:22:32,1791472201147965920,W 54 St & 6 Ave,40.761865,-73.977242,0.9682999999999999,full
2025-05-08 15:22:32,1797078913880883846,60 Pl & Bleecker St,40.71107,-73.903,0.0,empty
2025-05-08 15:22:32,17aeb1e3-fd18-4cf9-9473-17dfa5b0a312,Union St & Bedford Ave,40.669178,-73.955416,0.0833,empty
2025-05-08 15:22:32,17c45d34-0d8d-46ba-9078-e9a2a7c5867c,Grand Concourse & E 167 St,40.834263,-73.917641,0.0333,empty
2025-05-08 15:22:32,1804892772559499512,W 25 St & 8 Ave,40.7465,-73.997326,0.1364,empty
2025-05-08 15:22:32,1817627670084542818,Rogers Ave & Lenox Rd,40.65378,-73.95273,0.1739,empty
2025-05-08 15:22:32,1828965887815635862,71 St & 37 Ave,40.7488,-73.89451,0.1739,empty
2025-05-08 15:22:32,1828967027013302842,81 St & 24 Ave,40.76466,-73.88803,0.9473999999999999,full
2025-05-08 15:22:32,1828967208126648828,23 Ave & 83 St,40.76646,-73.88674,0.9473999999999999,full
2025-05-08 15:22:32,1828967979464708718,87 St & Roosevelt Ave,40.74825,-73.87936,0.0,empty
2025-05-08 15:22:32,1828968082192898522,86 St & 37 Ave,40.75,-73.88062,0.1364,empty
2025-05-08 15:22:32,1828968199249922252,86 St & 35 Ave,40.7523,-73.88093,0.09519999999999999,empty
2025-05-08 15:22:32,1828968883163894358,24 Ave & 87 St,40.7654,-73.88256,0.9,full
2025-05-08 15:22:32,1828969417249358046,100 St & Northern Blvd,40.75748,-73.86843,0.1818,empty
2025-05-08 15:22:32,1828969851041055492,104 St & Northern Blvd,40.75755,-73.86454,0.1739,empty
2025-05-08 15:22:32,18326827-dcae-47e0-8518-c4bb9e21eef6,Keegan Rd & 2 Ave,40.642431,-74.025536,0.9714,full
2025-05-08 15:22:32,1833865926273309136,W 84 St & Amsterdam Ave,40.78621,-73.9756,0.15869999999999998,empty
2025-05-08 15:22:32,1834145064843958330,34 Ave & 71 St,40.75257,-73.89538,0.1364,empty
2025-05-08 15:22:32,1834145589124844432,92 St & 37 Ave,40.75085,-73.87509,0.0526,empty
2025-05-08 15:22:32,1835244925191295588,95 St & 35 Ave,40.75301,-73.87266,0.0,empty
2025-05-08 15:22:32,1835246381185208614,34 Ave & Junction Blvd,40.75502,-73.87285,0.087,empty
2025-05-08 15:22:32,1835246658344669972,96 St & Northern Blvd,40.75712,-73.8722,0.0,empty
2025-05-08 15:22:32,1835246937517543544,24 Ave & 92 St,40.76589,-73.87789,0.9,full
2025-05-08 15:22:32,1835247352748090208,Jackson Mill Rd & 24 Ave,40.76619,-73.87561,0.9167000000000001,full
2025-05-08 15:22:32,1835247469495105628,25 Ave & 96 St,40.76447,-73.87369,0.9523999999999999,full
2025-05-08 15:22:32,1835249197527877718,100 St & 37 Ave,40.75243,-73.86717,0.05,empty
2025-05-08 15:22:32,1835249317786962140,99 St & 38 Ave,40.75055,-73.86725,0.0333,empty
2025-05-08 15:22:32,1835249448692130546,102 St & 34 Ave,40.75584,-73.86621,0.1364,empty
2025-05-08 15:22:32,1836581534415880440,92 St & 35 Ave,40.7529,-73.87536,0.0,empty
2025-05-08 15:22:32,1836581714456697424,93 St & Roosevelt Ave,40.74888,-73.87368,0.0417,empty
2025-05-08 15:22:32,1838070703178521596,107 St & 32 Ave,40.75996,-73.86224,0.0,empty
2025-05-08 15:22:32,1838617691511229014,81 St & 35 Ave,40.75179,-73.88568,0.12,empty
2025-05-08 15:22:32,1838685618105506490,98 St & 25 Ave,40.76454,-73.87171,0.9,full
2025-05-08 15:22:32,1840504138040045682,Jackson Mill Rd & 93 St,40.75874,-73.87535,0.1905,empty
2025-05-08 15:22:32,1841240663447542046,72 St & Broadway,40.74751,-73.89372,0.9,full
2025-05-08 15:22:32,1843486390605672640,Ithaca St & Baxter Ave,40.74638,-73.88322,0.04,empty
2025-05-08 15:22:32,1843486757863039016,55 Ave & 90 St,40.73676,-73.87318,0.9048,full
2025-05-08 15:22:32,1846086027713733188,90 St & 51 Ave,40.73937,-73.87411,0.9473999999999999,full
2025-05-08 15:22:32,1846086362824884662,56 Ave & 92 St,40.73649,-73.86995,0.92,full
2025-05-08 15:22:32,1848241332086049696,Case St & 94 St,40.74619,-73.87193,0.047599999999999996,empty
2025-05-08 15:22:32,1848241879913802606,56 Ave & Junction Blvd,40.73716,-73.86625,0.9091,full
2025-05-08 15:22:32,1849009654626746672,55 Ave & 97 Pl,40.73892,-73.86367,0.9473999999999999,full
2025-05-08 15:22:32,1849010133527040242,111 St & Roosevelt Ave,40.75147,-73.8557,0.09519999999999999,empty
2025-05-08 15:22:32,1851254360969534132,Benham St & Roosevelt Ave,40.74841,-73.8751,0.0417,empty
2025-05-08 15:22:32,1851674088959433552,Judge St & Britton Ave,40.74454,-73.88112,0.1739,empty
2025-05-08 15:22:32,1851955603137491568,N Portland Ave & Flushing Ave,40.697926,-73.97663,0.9394,full
2025-05-08 15:22:32,1854537815365165328,39 Ave & 99 St,40.74962,-73.86677,0.1429,empty
2025-05-08 15:22:32,1854538169357726138,104 St & 32 Ave,40.75951,-73.86491,0.0909,empty
2025-05-08 15:22:32,1856766912456610780,34 Ave & 89 St,40.75437,-73.87833,0.0741,empty
2025-05-08 15:22:32,1857217349795049790,Lexington Ave & Patchen Ave,40.6904,-73.9277,0.0,empty
2025-05-08 15:22:32,1861680103893703034,Sedgwick Ave & W 195 St,40.87049,-73.90287,0.1429,empty
2025-05-08 15:22:32,1861683747231494964,Eames Pl & Claflin Ave,40.8692,-73.90121,0.1,empty
2025-05-08 15:22:32,1862788101231526152,Broadway & W 234 St,40.88185,-73.90291,0.9,full
2025-05-08 15:22:32,1869753812884512816,Strong St & University Ave,40.87119,-73.89918,0.2,empty
2025-05-08 15:22:32,1869754143518014264,78 St & Northern Blvd,40.75499,-73.88905,0.175,empty
2025-05-08 15:22:32,1875023224873448258,91 St & 23 Ave,40.76768,-73.87899,0.9091,full
2025-05-08 15:22:32,1875395639434791520,Gleane St & Britton Ave,40.74646,-73.87996,0.05,empty
2025-05-08 15:22:32,1877920686883352866,60 Ave & Junction Blvd,40.73466,-73.86501,0.9582999999999999,full
2025-05-08 15:22:32,1880643645302280466,Washington Ave & Park Pl,40.675832,-73.963308,0.030299999999999997,empty
2025-05-08 15:22:32,1880643915885220532,Eastern Pkwy & Franklin Ave (SW Corner),40.670529,-73.958222,0.1,empty
2025-05-08 15:22:32,1880644160834607498,49 Ave & 27 St,40.74113,-73.942518,1.0,full
2025-05-08 15:22:32,1882824287789509296,3 Ave & E 71 St,40.76879,-73.9614,0.0851,empty
2025-05-08 15:22:32,1884599469785421928,3 Ave & E 82 St,40.775744,-73.956375,0.1628,empty
2025-05-08 15:22:32,1885439359712500016,Grand Concourse & E 184 St,40.85941,-73.8985,0.0,empty
2025-05-08 15:22:32,1885440410432338078,E 182 St & Grand Concourse,40.85591,-73.90051,0.07690000000000001,empty
2025-05-08 15:22:32,1885442082749874736,Grand Concourse & E 176 St,40.84761,-73.90745,0.0455,empty
2025-05-08 15:22:32,1888015107269225164,W 54 St & 9 Ave,40.76604,-73.98737,0.0909,empty
2025-05-08 15:22:32,1890927910885612334,Woodhaven Blvd & Hoffman Dr,40.73303,-73.871,0.9,full
2025-05-08 15:22:32,1893519215751496610,40 St & 3 Ave,40.6535,-74.00902,0.9031999999999999,full
2025-05-08 15:22:32,1893622839585237496,2 Ave & E 31 St,40.74299,-73.97711,0.0617,empty
2025-05-08 15:22:32,1898455214498195676,Grand Concourse & E 181 St,40.85466,-73.9015,0.087,empty
2025-05-08 15:22:32,18b19467-28ac-4496-b3e4-f6028b1c5105,Putnam Ave & Knickerbocker Ave,40.69545,-73.91164,0.1379,empty
2025-05-08 15:22:32,19002a4c-3229-450b-ad69-76948696e60d,E 167 St & Franklin Ave,40.82895,-73.90521,0.05,empty
2025-05-08 15:22:32,1900660954723519204,2 Ave & 37 St,40.65624,-74.00933,0.9778,full
2025-05-08 15:22:32,1903998756008763590,E 46 St & Madison Ave,40.755393,-73.977601,0.0189,empty
2025-05-08 15:22:32,1906951766876655628,Sterling Pl & Classon Ave,40.673941,-73.96026,0.0345,empty
2025-05-08 15:22:32,1914337145288845316,President St & Hoyt St,40.680057,-73.991753,0.087,empty
2025-05-08 15:22:32,1923987214021052830,59 St & 41 Ave,40.744577,-73.905986,0.1429,empty
2025-05-08 15:22:32,1937777808143497236,Columbus Ave & W 59 St,40.76931,-73.98464,0.0909,empty
2025-05-08 15:22:32,1945125793810207148,Pulaski St & Throop Ave,40.693115,-73.943149,0.0,empty
2025-05-08 15:22:32,1945126257666675246,Franklin Ave & Quincy St,40.68636,-73.95678,0.1739,empty
2025-05-08 15:22:32,1947367330341251364,Marcy Ave & Gates Ave,40.686679,-73.947417,0.1429,empty
2025-05-08 15:22:32,1954778813955578360,Waverly Ave & Lafayette Ave,40.688231,-73.966804,0.0526,empty
2025-05-08 15:22:32,1960019951675478680,W 90 St & Amsterdam Ave,40.79018,-73.97289,0.0588,empty
2025-05-08 15:22:32,1962547377975794462,Carlton Ave & Greene Ave,40.685957,-73.971468,0.16,empty
2025-05-08 15:22:32,1978170169761096104,108 St & 52 Ave,40.743101,-73.854669,0.11109999999999999,empty
2025-05-08 15:22:32,1989279523593928720,Vesey St & Greenwich St,40.712547,-74.011131,0.9098999999999999,full
2025-05-08 15:22:32,19d17911-1e4a-41fa-b62b-719aa0a6182e,6 Ave & Walker St,40.719792,-74.005224,0.9487000000000001,full
2025-05-08 15:22:32,1abd4668-ed6b-4930-8177-17239ae75a9e,Fairview Ave & Linden St,40.70694,-73.90632,0.0,empty
2025-05-08 15:22:32,1d167807-0aa8-413a-b7a0-01c2ca8a6a60,Kingston Ave & Park Pl,40.67308,-73.94191,0.0,empty
2025-05-08 15:22:32,1d32e684-602b-46b6-8c96-ab47b57a03f3,Grand Ave & Bergen St,40.678045,-73.962408,0.04,empty
2025-05-08 15:22:32,1d8e51b0-8131-4c1f-93fb-f04952c157c0,W 146 St & Broadway,40.826969,-73.949738,0.0333,empty
2025-05-08 15:22:32,1dacb0f6-29f5-4d1b-b910-92ffa5b4ca5d,Eastern Pkwy & Franklin Ave (NE Corner),40.670777,-73.95768,0.16670000000000001,empty
2025-05-08 15:22:32,1ddadf67-ae08-4e86-bdda-236629b9eabd,Brooklyn Ave & Prospect Pl,40.67412,-73.94447,0.12,empty
2025-05-08 15:22:32,1f872052-38c4-4701-96c4-c363de51c2b5,W 54 St & 11 Ave,40.768333,-73.992573,0.1017,empty
2025-05-08 15:22:32,1f8f6714-42a7-45d5-86cd-a093c940b2c9,Grand Concourse & E 161 St,40.827134,-73.922736,0.11109999999999999,empty
2025-05-08 15:22:32,1fba77e2-66ab-4e9c-9f9a-4ec4f11fd80b,Echo Pl & Grand Concourse,40.849955,-73.905943,0.10710000000000001,empty
2025-05-08 15:22:32,2004153375425087884,W 51 St & 7 Ave,40.76167,-73.98256,0.9359000000000001,full
2025-05-08 15:22:32,2009671276352543716,34 Ave & 83 St,40.753935,-73.883901,0.1818,empty
2025-05-08 15:22:32,2010065065442370322,Broadway & 74 St,40.74653,-73.89121,0.0,empty
2025-05-08 15:22:32,21361381-fd4a-44a4-bfa7-61f075192ce9,Cedar St & Myrtle Ave,40.697842,-73.926241,0.0741,empty
2025-05-08 15:22:32,2436e886-dc53-47cb-8733-d663f9dcd922,W 180 St & Fort Washington Ave,40.849972,-73.938423,0.0417,empty
2025-05-08 15:22:32,24509e46-a0de-47e8-ba40-9441da68952a,Fort Washington Ave & W 190 St,40.856906,-73.935662,0.0,empty
2025-05-08 15:22:32,26176e86-8362-4c91-a693-6aa3f9ce0b73,Dean St & Franklin Ave,40.677592,-73.955637,0.1905,empty
2025-05-08 15:22:32,26217b73-7bb5-46e6-8094-1db05becd617,Amsterdam Ave & W 156 St,40.832081,-73.942386,0.0741,empty
2025-05-08 15:22:32,26cae473-0e59-4af7-bad5-bb6fec85c8bc,Madison St & Seneca Ave,40.70183,-73.90625,0.0909,empty
2025-05-08 15:22:32,272c0389-5e4a-41a9-ad6c-2dccdfa55af9,Madison St & Forest Ave,40.70555,-73.90245,0.16,empty
2025-05-08 15:22:32,2743a950-3a1f-4a58-8fe0-f4105033e0e3,30 Ave & 41 St,40.763422,-73.914142,0.0,empty
2025-05-08 15:22:32,27c71510-d515-4add-b660-6efd6f225cd1,Sterling Pl & 5 Ave,40.67897,-73.978553,0.037000000000000005,empty
2025-05-08 15:22:32,284b08f2-3d26-4f52-9463-25e4a07c16f7,Underhill Ave & Pacific St,40.680484,-73.96468,0.037000000000000005,empty
2025-05-08 15:22:32,292ad4f3-9fb0-44ec-9e61-613c711f73c1,Pacific St & Classon Ave,40.679194,-73.95879,0.1429,empty
2025-05-08 15:22:32,29a41b09-698f-43e2-82ff-f94f73e74841,41 St & 3 Ave,40.652512,-74.008906,0.9473999999999999,full
2025-05-08 15:22:32,29ced315-14b5-4edc-bef2-665316dfe3dd,W 12 St & Hudson St,40.73753,-74.005589,0.11109999999999999,empty
2025-05-08 15:22:32,2a9e2320-083d-4044-aedf-0c15ecfefe61,Van Buren St & Broadway,40.692,-73.92617,0.0833,empty
2025-05-08 15:22:32,2b33334b-243c-4a16-a6d2-32304c8884f1,Popham Ave & W 174 St,40.847746,-73.922079,0.0,empty
2025-05-08 15:22:32,2b54cb2c-31be-4620-a13c-0fa72b58c90a,Lincoln Pl & Classon Ave,40.672168,-73.9609,0.1429,empty
2025-05-08 15:22:32,2c2cdc55-52a3-4140-b4d3-8409a98f130f,Evergreen Ave & Noll St,40.70106,-73.93318,0.12,empty
2025-05-08 15:22:32,2c321ea3-e1dd-4d32-be70-bd158fe1f568,W 44 St & 11 Ave,40.762009,-73.996975,0.0127,empty
2025-05-08 15:22:32,2cd651e7-1e3a-4cd9-8fd1-a2416e032f6e,St Nicholas Terrace & Convent Ave,40.821294,-73.947868,0.125,empty
2025-05-08 15:22:32,2e5cde21-f0a2-4396-899e-6df275e99212,Valentine Ave & E 181 St,40.854124,-73.899322,0.09519999999999999,empty
2025-05-08 15:22:32,2ebbe93b-a013-464a-b4a5-0eba96f89676,Myrtle Ave & 65 St,40.70117,-73.8904,0.10529999999999999,empty
2025-05-08 15:22:32,2ec1235f-a043-4e3a-9ba1-56f7dd4624b7,21 St & 31 Dr,40.7659,-73.930819,0.09519999999999999,empty
2025-05-08 15:22:32,2ec2f95c-675c-4c59-856f-1fb38df59fa2,Grand Concourse & E 192 St,40.86448,-73.89522,0.1905,empty
2025-05-08 15:22:32,2f580cf9-14e2-4300-ba22-f6d88d0312a5,Bedford Ave & Montgomery St,40.665816,-73.956934,0.0741,empty
2025-05-08 15:22:32,2f656bc4-7743-4326-8330-a22bd41d9d17,West End Ave & W 60 St,40.77237,-73.99005,0.1282,empty
2025-05-08 15:22:32,2fe3e166-2d2f-41c8-b522-fdf8ee3ae16f,Sterling Pl & Franklin Ave,40.673248,-73.956895,0.047599999999999996,empty
2025-05-08 15:22:32,30985a9c-afe4-4b98-a72c-2c72bb35603e,Greene Ave & Grandview Ave,40.709697,-73.907856,0.0,empty
2025-05-08 15:22:32,311269f4-53dc-4f83-b26b-ecb6e8e160ed,Monroe St & Marcus Garvey Blvd,40.686722,-73.938988,0.15,empty
2025-05-08 15:22:32,3134bce7-0bb9-4a45-9c87-60a8cb681d72,Central Ave & Woodbine St,40.69296,-73.91605,0.0556,empty
2025-05-08 15:22:32,3134c2d4-b090-4eb8-ab44-6f9622098f72,W 148 St & Amsterdam Ave,40.827075,-73.945909,0.087,empty
2025-05-08 15:22:32,3371df76-39db-43ab-b3d6-fac0be55311f,Adams St & 2 St,40.739814,-74.036904,0.0667,empty
2025-05-08 15:22:32,33840944-aa92-4d91-9de8-d29e5cd0b2d9,Warren St & Smith St,40.685424,-73.991278,0.1515,empty
2025-05-08 15:22:32,340036c3-2787-4998-9a77-fe54f352d619,6 Ave & 21 St,40.66016,-73.990974,0.1481,empty
2025-05-08 15:22:32,344064f8-e82f-40fb-b235-aff506b77ae5,Morgan Ave & Lombardy St,40.72226,-73.93889,0.2,empty
2025-05-08 15:22:32,348c5e65-cbc3-4da6-9856-fc253a0ba546,E 13 St & 2 Ave,40.731539,-73.985302,0.0741,empty
2025-05-08 15:22:32,35a5b4d6-2d90-4b60-b68b-03bb60fb1afc,7 Ave & 20 St,40.659053,-73.98854,0.05,empty
2025-05-08 15:22:32,36025f2c-ee4d-4c1a-832d-733cf37f98ef,Tiebout Ave & E Fordham Rd,40.861915,-73.894831,0.0968,empty
2025-05-08 15:22:32,361dd964-db79-47dd-b044-eac88c735249,Edgecombe Ave & W 150 St,40.826881,-73.941427,0.0,empty
2025-05-08 15:22:32,36aaebb9-ef10-41a5-b20b-753bf8a3fed8,W 163 St & Edgecombe Ave,40.835798,-73.937496,0.0,empty
2025-05-08 15:22:32,36d80620-9774-487e-8eb0-cf5f18a39321,E 188 St & Creston Ave,40.861669,-73.898589,0.1515,empty
2025-05-08 15:22:32,372c592e-09d8-400c-9595-2aa3510f39b0,Central Ave & Himrod St,40.69676,-73.92302,0.04,empty
2025-05-08 15:22:32,37a37e5b-f975-4f92-a897-dca8e4670631,46 St & 28 Ave,40.763328,-73.908782,0.15789999999999998,empty
2025-05-08 15:22:32,3893eeef-06a8-47b1-95f2-a85454f7d5c9,Bergen St & Troy Ave,40.67524,-73.93596,0.1818,empty
2025-05-08 15:22:32,398aa734-3893-4dba-a704-57ae8632c4f9,30 Ave & 47 St,40.761294,-73.909562,0.1905,empty
2025-05-08 15:22:32,398ebef6-dcc2-4305-b1d2-47efafdaa85c,Sterling Pl & Rochester Ave,40.67128,-73.92825,0.0455,empty
2025-05-08 15:22:32,39f756c2-3904-463e-95a8-8d8e3540e845,W 25 St & 9 Ave,40.747833,-74.000572,0.1471,empty
2025-05-08 15:22:32,3ac7b47b-2253-4a0b-bf7d-8a2eb6b78a38,E 12 St & Ave C,40.727243,-73.976831,0.0732,empty
2025-05-08 15:22:32,3bdd81c8-3112-45e6-ae72-11a3f4fa5921,Lincoln Pl & Nostrand Ave,40.67077,-73.9507,0.0,empty
2025-05-08 15:22:32,3bf69f3e-23f6-4abe-b5fe-dabe6b0ea066,Wadsworth Ave & W 175 St,40.846052,-73.937648,0.0417,empty
2025-05-08 15:22:32,3c135a2e-eeea-4e81-9c0a-8d14a6049198,Bedford Ave & Fenimore St,40.65815,-73.95674,0.0,empty
2025-05-08 15:22:32,3d1db3fa-1df5-46c8-baf3-619b729f5bda,4 St & Grand St,40.742258,-74.035111,0.0,empty
2025-05-08 15:22:32,3d339282-d5c7-41ec-b634-6a988aefd440,E 174 St & Longfellow Ave,40.836274,-73.884308,0.15,empty
2025-05-08 15:22:32,3db799ba-b574-4e5f-95e5-c767bec2acb6,Melrose Ave & E 150 St,40.816827,-73.917338,0.129,empty
2025-05-08 15:22:32,3eed817a-63e5-424b-8ed3-c809db5488f7,Pearl St & York St,40.701405,-73.98768,1.0,full
2025-05-08 15:22:32,403c310e-26d5-4db5-9928-13c38b25053d,7 Ave & 22 St,40.658029,-73.989605,0.0,empty
2025-05-08 15:22:32,412c1416-d15b-4e6a-9691-da4c3cc0d0d2,Bleecker St & Crosby St,40.726156,-73.995102,0.9206,full
2025-05-08 15:22:32,42bf7170-61ab-44a0-aafe-1b89d7271718,Prospect Park SW & 10 Ave,40.659945,-73.977504,0.0667,empty
2025-05-08 15:22:32,43eac213-4603-4bc2-b6d6-b45013396282,Jay St & York St,40.701403,-73.986727,0.9487000000000001,full
2025-05-08 15:22:32,454b4a83-d0b1-42a2-8163-261e2a9d6ab9,Lexington Ave & E 26 St,40.741459,-73.983293,0.0625,empty
2025-05-08 15:22:32,454fe70c-1d53-4af2-a9ea-1d4bd9f59799,Jerome Ave & E 198 St,40.871445,-73.892896,0.05,empty
2025-05-08 15:22:32,45865207-8700-4ef2-99ed-b08889ef0250,18 St & 27 Ave,40.772768,-73.927436,0.1304,empty
2025-05-08 15:22:32,46bdd925-fb6c-4654-85d8-e0db4da62abf,Frederick Douglass Blvd & W 112 St,40.801694,-73.957145,0.16219999999999998,empty
2025-05-08 15:22:32,46dca5c6-7bd3-4a4f-aa1e-33aa66652294,30 St & 48 Ave,40.741327,-73.937999,0.9309999999999999,full
2025-05-08 15:22:32,4753c893-e4bd-4d6a-bc4d-42209a19ebeb,Andrews Ave S & W 179 St,40.855156,-73.91278,0.0,empty
2025-05-08 15:22:32,475c44e1-31e3-4c60-b071-af2ca3f7618c,Prospect Pl & Nostrand Ave,40.67428,-73.9503,0.0455,empty
2025-05-08 15:22:32,47bcbcc1-9241-4e65-99f1-07c15543be1b,Fulton St & Irving Pl,40.68186,-73.959432,0.0645,empty
2025-05-08 15:22:32,47da6ab2-c841-4f2d-97ef-dd8d441c96b1,Loring Pl North & W 183 St,40.860424,-73.909336,0.15,empty
2025-05-08 15:22:32,481624f3-9377-4dfd-a5dd-de05a7fef760,Ogden Ave & W 165 St,40.834457,-73.928381,0.0526,empty
2025-05-08 15:22:32,490ca6cc-c2a2-4838-acf0-4704ed60dc51,W 47 St & 9 Ave,40.76153,-73.99007,0.0926,empty
2025-05-08 15:22:32,493e046c-5d62-4772-90c4-b6a9f4afcd39,Willoughby Ave & Myrtle Ave,40.69757,-73.93098,0.10529999999999999,empty
2025-05-08 15:22:32,498d7e8e-5164-4f26-9ce6-399947d73b1a,Suydam St & St Nicholas Ave,40.70636,-73.91945,0.9412,full
2025-05-08 15:22:32,49f86083-851b-475d-b9ab-64e01b81f725,Stuyvesant Ave & Gates Ave,40.68834,-73.93306,0.1304,empty
2025-05-08 15:22:32,4a4c7548-2466-48ef-8d7e-0aa4d6acb69e,Somers St & Rockaway Ave,40.67872,-73.91105,0.15,empty
2025-05-08 15:22:32,4aa6bb27-b76b-444e-a3ce-6fb25b822494,Riverside Dr & W 153 St,40.832164,-73.949702,0.1905,empty
2025-05-08 15:22:32,4ad1714c-528e-4200-882f-82082c4d85b0,Creston Ave & E 178 St,40.850885,-73.906469,0.0,empty
2025-05-08 15:22:32,4bc6f4d0-edd5-4eb0-a704-f7ce0d693aac,Grand Ave & W Fordham Rd,40.86288,-73.90316,0.0455,empty
2025-05-08 15:22:32,4c3b6e25-b0c2-4a3f-b07e-cd60cd1b0ac0,Anthony Ave & E Tremont Ave,40.848793,-73.903178,0.05,empty
2025-05-08 15:22:32,4cfd4097-0aee-4f11-9aea-55f99397bf33,Irving Ave & Halsey St,40.69467,-73.90663,0.15789999999999998,empty
2025-05-08 15:22:32,4d24ab76-2f4a-4004-9fc5-09c00c1d9aa4,5 Ave & 37 St,40.652657,-74.002356,1.0,full
2025-05-08 15:22:32,4d79bdb9-7c35-4d35-9f6e-3c1b849c453a,W 110 St & Amsterdam Ave,40.802692,-73.96295,0.1333,empty
2025-05-08 15:22:32,4dcff9e7-7cb6-4d3d-ad67-c2e4c05933d3,E 156 St & Courtlandt Ave,40.821239,-73.91733,0.087,empty
2025-05-08 15:22:32,4dde902d-512c-4e9e-8899-a68424ed87c0,64 St & 3 Ave,40.639978,-74.02324,0.9143000000000001,full
2025-05-08 15:22:32,4e1a13af-1c3b-48f2-8586-5edceea97d61,Nelson Ave & 167 St,40.836706,-73.926089,0.09519999999999999,empty
2025-05-08 15:22:32,4e9a1c3a-20e2-4fd5-b8de-fbf8d43e7bcc,Maple St & Flatbush Ave,40.66026,-73.96045,0.0833,empty
2025-05-08 15:22:32,4eb6d6a8-ecc1-4e89-a586-4f96ed3d83e1,5 Ave & 41 St,40.649983,-74.005144,0.9333,full
2025-05-08 15:22:32,4efda436-cd19-4ec3-acc7-1a622f723264,Fulton St & Saratoga Ave,40.67853,-73.91642,0.15789999999999998,empty
2025-05-08 15:22:32,4f814d78-5d8d-458b-877e-2ca449b865be,Riverside Dr & W 148 St,40.829114,-73.950426,0.1364,empty
2025-05-08 15:22:32,4fb1ee23-4511-47c4-8698-0c46673dc86c,53 St & Roosevelt Ave,40.74462,-73.91143,0.047599999999999996,empty
2025-05-08 15:22:32,50575cba-95ac-4134-9da1-3eec8253afc4,Central Park W & W 85 St,40.78476,-73.969862,0.0,empty
2025-05-08 15:22:32,50e05a9f-dce6-4315-a10d-1fa786fc18ee,Central Park W & W 97 St,40.792495,-73.964171,0.0943,empty
2025-05-08 15:22:32,50e7c057-9c78-47d2-b66a-8a9180ce9734,Melrose St & Broadway,40.697481,-73.935877,0.15,empty
2025-05-08 15:22:32,52e81f02-b1f9-45d6-9e5c-e15277de1268,35 St & 21 Ave,40.776745,-73.906558,0.087,empty
2025-05-08 15:22:32,545a32d3-b74c-4dc2-b82c-a6d185dd4666,Sheridan Ave & E 168 St,40.835334,-73.9154,0.1818,empty
2025-05-08 15:22:32,55146e49-9bc4-4f13-bdf7-25422342b638,Waterloo Pl & Crotona Park East,40.839194,-73.888587,0.0526,empty
2025-05-08 15:22:32,5526b855-dc09-4159-a20a-99651861a481,17 St & 5 Ave,40.663493,-73.991007,0.16,empty
2025-05-08 15:22:32,55a4dc76-d839-4e06-9bf4-2f343391343c,Woodward Ave & Harman St,40.70793,-73.91092,0.0,empty
2025-05-08 15:22:32,55ccb271-7035-422e-bee1-20e84caa0217,W 20 St & 10 Ave,40.745686,-74.005141,0.102,empty
2025-05-08 15:22:32,55fda28d-56a8-4db2-b42a-072714f18471,Schenectady Ave & Maple St,40.66178,-73.93445,1.0,full
2025-05-08 15:22:32,5600446d-a00a-45e6-9dc3-550adfd63e39,Ogden Ave & W 164 St,40.832812,-73.929372,0.0,empty
2025-05-08 15:22:32,563389a0-d90f-4155-9c50-528459df26aa,Broadway & W 138 St,40.82182,-73.95353,0.0741,empty
2025-05-08 15:22:32,5645b05e-85be-460d-8506-cacd20bff233,36 St & 3 Ave,40.655716,-74.006664,0.9667,full
2025-05-08 15:22:32,5736cd70-be41-483e-8d82-721874f40e6e,Albany Ave & Park Pl,40.67297,-73.93896,0.1,empty
2025-05-08 15:22:32,5780ae63-54e5-48e3-a00c-9c403cb75401,41 St & 4 Ave,40.651354,-74.007168,0.9565,full
2025-05-08 15:22:32,5782a158-b596-4936-a451-32ccc131a57d,Thomas S. Boyland St & Marion St,40.681466,-73.914157,0.0526,empty
2025-05-08 15:22:32,581d8683-c217-4f96-89cb-b5a94d780b83,W 55 St & 6 Ave,40.763189,-73.978434,0.9351,full
2025-05-08 15:22:32,595cf79f-7783-4373-b3d5-775bcf76033b,Ogden Ave & Merriam Ave,40.839142,-73.925961,0.10529999999999999,empty
2025-05-08 15:22:32,59f0cb81-e31b-4ba9-9159-3437c52f7505,Kingston Ave & Carroll St,40.66688,-73.9425,0.0,empty
2025-05-08 15:22:32,5a6218aa-c5b7-4436-93c1-dee7cb5322d9,34 Ave & 48 St,40.75388,-73.914952,0.16,empty
2025-05-08 15:22:32,5dc8ddac-979e-4ae5-b879-3670cca7482d,Edgecombe Ave & W 167 St,40.838191,-73.936085,0.087,empty
2025-05-08 15:22:32,5e93b806-08e1-4ef9-98ae-d3dda20e0469,Eastern Pkwy & Schenectady Ave,40.66876,-73.93376,0.16670000000000001,empty
2025-05-08 15:22:32,5f0aa684-a1c5-4119-827f-7860f1cd4ccd,Bushwick Ave & Harman St,40.69356,-73.92524,0.2,empty
2025-05-08 15:22:32,5f968a1b-ee60-43a0-ad25-05211e09e436,Eldert St & Bushwick Ave,40.68652,-73.91321,0.1364,empty
2025-05-08 15:22:32,5ffde991-1125-443e-bc97-6827b2b9c97b,Jefferson St & Cypress Ave,40.70907,-73.92157,1.0,full
2025-05-08 15:22:32,6076e321-85d8-4e0e-ae18-86bb8cbbda1b,Featherbed Ln & Jerome Ave,40.845505,-73.914311,0.9048,full
2025-05-08 15:22:32,6107e75a-2493-4e3d-a3e0-d4886d3416e5,Montgomery St,40.71942,-74.05099,0.1429,empty
2025-05-08 15:22:32,61bc2467-aa8c-4386-ba9e-3f01120bd6b8,Cabrini Blvd & W 177 St,40.848282,-73.941343,0.16670000000000001,empty
2025-05-08 15:22:32,62b97c1e-9d06-4c5e-b9c3-d76099e37fe4,Prospect Pl & Vanderbilt Ave,40.677675,-73.969021,0.0741,empty
2025-05-08 15:22:32,645e4365-653f-48ce-bc15-5fcc287be56f,E 7 St & Ave B,40.725129,-73.981317,0.0435,empty
2025-05-08 15:22:32,64de0666-b9ab-404e-a16b-03e449bb5b4d,Putnam Ave & Ralph Ave,40.68705,-73.92338,0.15,empty
2025-05-08 15:22:32,66db237e-0aca-11e7-82f6-3863bb44ef7c,W 52 St & 11 Ave,40.767272,-73.993929,0.0909,empty
2025-05-08 15:22:32,66db28b5-0aca-11e7-82f6-3863bb44ef7c,W 17 St & 8 Ave,40.741776,-74.001497,0.16219999999999998,empty
2025-05-08 15:22:32,66db2f4c-0aca-11e7-82f6-3863bb44ef7c,E 2 St & Ave C,40.720874,-73.980858,0.131,empty
2025-05-08 15:22:32,66db34fc-0aca-11e7-82f6-3863bb44ef7c,E 25 St & 1 Ave,40.738177,-73.977387,0.2,empty
2025-05-08 15:22:32,66db3583-0aca-11e7-82f6-3863bb44ef7c,Liberty St & Broadway,40.709056,-74.010434,0.9104000000000001,full
2025-05-08 15:22:32,66db3816-0aca-11e7-82f6-3863bb44ef7c,W 13 St & 7 Ave,40.737815,-73.999947,0.1489,empty
2025-05-08 15:22:32,66db3ba0-0aca-11e7-82f6-3863bb44ef7c,St Marks Pl & 2 Ave,40.728419,-73.98714,0.1507,empty
2025-05-08 15:22:32,66db3f01-0aca-11e7-82f6-3863bb44ef7c,Willoughby Ave & Hall St,40.69196,-73.965369,0.1961,empty
2025-05-08 15:22:32,66db3fc9-0aca-11e7-82f6-3863bb44ef7c,Perry St & Bleecker St,40.735354,-74.004831,0.0759,empty
2025-05-08 15:22:32,66db402c-0aca-11e7-82f6-3863bb44ef7c,Laight St & Hudson St,40.721854,-74.007718,0.9309999999999999,full
2025-05-08 15:22:32,66db408f-0aca-11e7-82f6-3863bb44ef7c,Harrison St & Hudson St,40.71871,-74.009001,0.9231,full
2025-05-08 15:22:32,66db4282-0aca-11e7-82f6-3863bb44ef7c,W 11 St & 6 Ave,40.735324,-73.998004,0.0633,empty
2025-05-08 15:22:32,66db43b5-0aca-11e7-82f6-3863bb44ef7c,DeKalb Ave & Vanderbilt Ave,40.689407,-73.968855,0.1304,empty
2025-05-08 15:22:32,66db447a-0aca-11e7-82f6-3863bb44ef7c,Broad St & Bridge St,40.703652,-74.011678,0.9795999999999999,full
2025-05-08 15:22:32,66db4549-0aca-11e7-82f6-3863bb44ef7c,Washington Park,40.691782,-73.97373,0.125,empty
2025-05-08 15:22:32,66db460d-0aca-11e7-82f6-3863bb44ef7c,Maiden Ln & Pearl St,40.707065,-74.007319,0.9655,full
2025-05-08 15:22:32,66db46d7-0aca-11e7-82f6-3863bb44ef7c,Ave D & E 8 St,40.723684,-73.975748,0.0,empty
2025-05-08 15:22:32,66db631c-0aca-11e7-82f6-3863bb44ef7c,Greenwich Ave & 8 Ave,40.739017,-74.002638,0.08,empty
2025-05-08 15:22:32,66db63f4-0aca-11e7-82f6-3863bb44ef7c,Monroe St & Classon Ave,40.684568,-73.958811,0.10529999999999999,empty
2025-05-08 15:22:32,66db6963-0aca-11e7-82f6-3863bb44ef7c,E 15 St & 3 Ave,40.734232,-73.986923,0.15380000000000002,empty
2025-05-08 15:22:32,66db6aae-0aca-11e7-82f6-3863bb44ef7c,E 2 St & Ave B,40.722174,-73.983688,0.0824,empty
2025-05-08 15:22:32,66db6cd4-0aca-11e7-82f6-3863bb44ef7c,Ave D & E 3 St,40.720828,-73.977932,0.0364,empty
2025-05-08 15:22:32,66db6d40-0aca-11e7-82f6-3863bb44ef7c,Mercer St & Spring St,40.723627,-73.999496,0.9851000000000001,full
2025-05-08 15:22:32,66db75cc-0aca-11e7-82f6-3863bb44ef7c,South St & Gouverneur Ln,40.703554,-74.006702,0.9301999999999999,full
2025-05-08 15:22:32,66db76a1-0aca-11e7-82f6-3863bb44ef7c,E 6 St & Ave B,40.724537,-73.981854,0.0526,empty
2025-05-08 15:22:32,66db8c10-0aca-11e7-82f6-3863bb44ef7c,E 19 St & 3 Ave,40.736245,-73.984738,0.0857,empty
2025-05-08 15:22:32,66db8ca4-0aca-11e7-82f6-3863bb44ef7c,E 11 St & 1 Ave,40.729538,-73.984267,0.032799999999999996,empty
2025-05-08 15:22:32,66db8fde-0aca-11e7-82f6-3863bb44ef7c,Watts St & Greenwich St,40.724055,-74.00966,0.9429000000000001,full
2025-05-08 15:22:32,66db9c2e-0aca-11e7-82f6-3863bb44ef7c,Ave D & E 12 St,40.725806,-73.974225,0.024399999999999998,empty
2025-05-08 15:22:32,66db9cc4-0aca-11e7-82f6-3863bb44ef7c,Madison St & Clinton St,40.71269,-73.987763,0.1282,empty
2025-05-08 15:22:32,66dbb869-0aca-11e7-82f6-3863bb44ef7c,Monroe St & Bedford Ave,40.685144,-73.953809,0.1304,empty
2025-05-08 15:22:32,66dbc37a-0aca-11e7-82f6-3863bb44ef7c,Rivington St & Ridge St,40.718502,-73.983299,0.1148,empty
2025-05-08 15:22:32,66dbc420-0aca-11e7-82f6-3863bb44ef7c,Clinton St & Grand St,40.715595,-73.98703,0.1594,empty
2025-05-08 15:22:32,66dbc60f-0aca-11e7-82f6-3863bb44ef7c,S Portland Ave & Hanson Pl,40.685396,-73.974315,0.11109999999999999,empty
2025-05-08 15:22:32,66dbc6ae-0aca-11e7-82f6-3863bb44ef7c,Emerson Pl & Myrtle Ave,40.693631,-73.962236,0.1746,empty
2025-05-08 15:22:32,66dbc8f5-0aca-11e7-82f6-3863bb44ef7c,Christopher St & Greenwich St,40.732916,-74.007114,0.1892,empty
2025-05-08 15:22:32,66dbcd6c-0aca-11e7-82f6-3863bb44ef7c,Clinton Ave & Myrtle Ave,40.693261,-73.968896,0.12119999999999999,empty
2025-05-08 15:22:32,66dbcf18-0aca-11e7-82f6-3863bb44ef7c,Washington Pl & 6 Ave,40.732241,-74.000264,0.1711,empty
2025-05-08 15:22:32,66dbe441-0aca-11e7-82f6-3863bb44ef7c,6 Ave & Canal St,40.722438,-74.005664,0.9315000000000001,full
2025-05-08 15:22:32,66dbe571-0aca-11e7-82f6-3863bb44ef7c,W 4 St & 7 Ave S,40.734011,-74.002939,0.16670000000000001,empty
2025-05-08 15:22:32,66dbecd0-0aca-11e7-82f6-3863bb44ef7c,E 9 St & Ave C,40.725213,-73.977688,0.04,empty
2025-05-08 15:22:32,66dbee85-0aca-11e7-82f6-3863bb44ef7c,Fulton St & Clermont Ave,40.684157,-73.969223,0.2,empty
2025-05-08 15:22:32,66dbefee-0aca-11e7-82f6-3863bb44ef7c,Pitt St & Stanton St,40.719261,-73.98178,0.1333,empty
2025-05-08 15:22:32,66dbf062-0aca-11e7-82f6-3863bb44ef7c,Allen St & Rivington St,40.720196,-73.989978,0.1429,empty
2025-05-08 15:22:32,66dbf442-0aca-11e7-82f6-3863bb44ef7c,Suffolk St & Stanton St,40.720664,-73.98518,0.038,empty
2025-05-08 15:22:32,66dbf4ac-0aca-11e7-82f6-3863bb44ef7c,E 6 St & Ave D,40.722281,-73.976687,0.11109999999999999,empty
2025-05-08 15:22:32,66dbf6d2-0aca-11e7-82f6-3863bb44ef7c,Cumberland St & Lafayette Ave,40.687534,-73.972652,0.129,empty
2025-05-08 15:22:32,66dc0cc7-0aca-11e7-82f6-3863bb44ef7c,Clermont Ave & Lafayette Ave,40.687645,-73.969689,0.098,empty
2025-05-08 15:22:32,66dc0dab-0aca-11e7-82f6-3863bb44ef7c,W 59 St & 10 Ave,40.770513,-73.988038,0.0,empty
2025-05-08 15:22:32,66dc0f1b-0aca-11e7-82f6-3863bb44ef7c,Bus Slip & State St,40.701907,-74.013942,0.9275,full
2025-05-08 15:22:32,66dc0f8a-0aca-11e7-82f6-3863bb44ef7c,E 3 St & 1 Ave,40.724677,-73.987834,0.1864,empty
2025-05-08 15:22:32,66dc10d1-0aca-11e7-82f6-3863bb44ef7c,E 7 St & Ave A,40.726218,-73.983799,0.1333,empty
2025-05-08 15:22:32,66dc1beb-0aca-11e7-82f6-3863bb44ef7c,E 10 St & Ave A,40.727408,-73.98142,0.16820000000000002,empty
2025-05-08 15:22:32,66dc1e55-0aca-11e7-82f6-3863bb44ef7c,W 49 St & 8 Ave,40.762272,-73.987882,0.08960000000000001,empty
2025-05-08 15:22:32,66dc209c-0aca-11e7-82f6-3863bb44ef7c,W 22 St & 8 Ave,40.744751,-73.999154,0.1061,empty
2025-05-08 15:22:32,66dc210e-0aca-11e7-82f6-3863bb44ef7c,E 51 St & 1 Ave,40.754557,-73.96593,0.9714,full
2025-05-08 15:22:32,66dc259a-0aca-11e7-82f6-3863bb44ef7c,E 20 St & 2 Ave,40.735877,-73.98205,0.10710000000000001,empty
2025-05-08 15:22:32,66dc2606-0aca-11e7-82f6-3863bb44ef7c,W 22 St & 10 Ave,40.74692,-74.004519,0.1558,empty
2025-05-08 15:22:32,66dc28bd-0aca-11e7-82f6-3863bb44ef7c,E 56 St & 3 Ave,40.759345,-73.967597,0.9494,full
2025-05-08 15:22:32,66dc2c78-0aca-11e7-82f6-3863bb44ef7c,Broadway & W 53 St,40.763441,-73.982681,0.9059,full
2025-05-08 15:22:32,66dc3782-0aca-11e7-82f6-3863bb44ef7c,Grand St & Havemeyer St,40.712868,-73.956981,0.1935,empty
2025-05-08 15:22:32,66dc42a0-0aca-11e7-82f6-3863bb44ef7c,9 Ave & W 45 St,40.760193,-73.991255,0.1935,empty
2025-05-08 15:22:32,66dc4334-0aca-11e7-82f6-3863bb44ef7c,W 53 St & 10 Ave,40.766697,-73.990617,0.1379,empty
2025-05-08 15:22:32,66dc4599-0aca-11e7-82f6-3863bb44ef7c,S 3 St & Bedford Ave,40.712605,-73.962644,0.2,empty
2025-05-08 15:22:32,66dc51e9-0aca-11e7-82f6-3863bb44ef7c,10 Ave & W 28 St,40.750664,-74.001768,0.9388,full
2025-05-08 15:22:32,66dc686c-0aca-11e7-82f6-3863bb44ef7c,8 Ave & W 33 St,40.751551,-73.993934,0.1562,empty
2025-05-08 15:22:32,66dc73b0-0aca-11e7-82f6-3863bb44ef7c,W 47 St & 10 Ave,40.762699,-73.993012,0.07690000000000001,empty
2025-05-08 15:22:32,66dc76cd-0aca-11e7-82f6-3863bb44ef7c,Henry St & Grand St,40.714211,-73.981095,0.16670000000000001,empty
2025-05-08 15:22:32,66dc7802-0aca-11e7-82f6-3863bb44ef7c,1 Ave & E 16 St,40.732219,-73.981656,0.1852,empty
2025-05-08 15:22:32,66dc7957-0aca-11e7-82f6-3863bb44ef7c,E 25 St & 2 Ave,40.739126,-73.979738,0.0759,empty
2025-05-08 15:22:32,66dc79e6-0aca-11e7-82f6-3863bb44ef7c,W 46 St & 11 Ave,40.763414,-73.996674,0.04,empty
2025-05-08 15:22:32,66dc7a7d-0aca-11e7-82f6-3863bb44ef7c,9 Ave & W 22 St,40.745497,-74.001971,0.1311,empty
2025-05-08 15:22:32,66dc7b10-0aca-11e7-82f6-3863bb44ef7c,W 51 St & 6 Ave,40.76066,-73.98042,0.9383,full
2025-05-08 15:22:32,66dc7ba2-0aca-11e7-82f6-3863bb44ef7c,E 14 St & Ave B,40.729387,-73.977724,0.0233,empty
2025-05-08 15:22:32,66dc7cc3-0aca-11e7-82f6-3863bb44ef7c,W 56 St & 10 Ave,40.768254,-73.988639,0.11630000000000001,empty
2025-05-08 15:22:32,66dc7de9-0aca-11e7-82f6-3863bb44ef7c,W 43 St & 10 Ave,40.760094,-73.994618,0.0684,empty
2025-05-08 15:22:32,66dc81ce-0aca-11e7-82f6-3863bb44ef7c,E 51 St & Lexington Ave,40.757148,-73.972078,0.9067000000000001,full
2025-05-08 15:22:32,66dc85bb-0aca-11e7-82f6-3863bb44ef7c,W 42 St & 8 Ave,40.75757,-73.990985,0.1707,empty
2025-05-08 15:22:32,66dc864c-0aca-11e7-82f6-3863bb44ef7c,11 Ave & W 59 St,40.771497,-73.99046,0.0417,empty
2025-05-08 15:22:32,66dc8b6a-0aca-11e7-82f6-3863bb44ef7c,Metropolitan Ave & Bedford Ave,40.715348,-73.960241,0.0,empty
2025-05-08 15:22:32,66dc8bfd-0aca-11e7-82f6-3863bb44ef7c,Lexington Ave & E 29 St,40.743116,-73.982154,0.1852,empty
2025-05-08 15:22:32,66dc8f1f-0aca-11e7-82f6-3863bb44ef7c,1 Ave & E 18 St,40.733812,-73.980544,0.037000000000000005,empty
2025-05-08 15:22:32,66dca682-0aca-11e7-82f6-3863bb44ef7c,W 45 St & 8 Ave,40.759291,-73.988597,0.18460000000000001,empty
2025-05-08 15:22:32,66dcbbfe-0aca-11e7-82f6-3863bb44ef7c,Marcus Garvey Blvd & Macon St,40.682601,-73.938037,0.15789999999999998,empty
2025-05-08 15:22:32,66dcbe7c-0aca-11e7-82f6-3863bb44ef7c,Putnam Ave & Nostrand Ave,40.68402,-73.94977,0.15789999999999998,empty
2025-05-08 15:22:32,66dcbefb-0aca-11e7-82f6-3863bb44ef7c,Cambridge Pl & Gates Ave,40.68488,-73.96304,0.0556,empty
2025-05-08 15:22:32,66dcbf69-0aca-11e7-82f6-3863bb44ef7c,Putnam Ave & Throop Ave,40.685153,-73.94111,0.1905,empty
2025-05-08 15:22:32,66dcc047-0aca-11e7-82f6-3863bb44ef7c,Lewis Ave & Madison St,40.686312,-73.935775,0.0,empty
2025-05-08 15:22:32,66dcc30b-0aca-11e7-82f6-3863bb44ef7c,Greene Ave & Throop Ave,40.689493,-73.942061,0.0,empty
2025-05-08 15:22:32,66dcc37f-0aca-11e7-82f6-3863bb44ef7c,Greene Ave & Nostrand Ave,40.688334,-73.950916,0.1739,empty
2025-05-08 15:22:32,66dcc44a-0aca-11e7-82f6-3863bb44ef7c,Kosciuszko St & Tompkins Ave,40.691283,-73.945242,0.0,empty
2025-05-08 15:22:32,66dcc5ca-0aca-11e7-82f6-3863bb44ef7c,Lewis Ave & Kosciuszko St,40.692371,-73.937054,0.0,empty
2025-05-08 15:22:32,66dcc65c-0aca-11e7-82f6-3863bb44ef7c,Pulaski St & Marcus Garvey Blvd,40.693398,-73.939877,0.0,empty
2025-05-08 15:22:32,66dcc8b3-0aca-11e7-82f6-3863bb44ef7c,Willoughby Ave & Tompkins Ave,40.694254,-73.946269,0.15789999999999998,empty
2025-05-08 15:22:32,66dcc920-0aca-11e7-82f6-3863bb44ef7c,Throop Ave & Myrtle Ave,40.696229,-73.943711,0.1429,empty
2025-05-08 15:22:32,66dccad8-0aca-11e7-82f6-3863bb44ef7c,Myrtle Ave & Lewis Ave,40.69682,-73.937569,0.1304,empty
2025-05-08 15:22:32,66dce567-0aca-11e7-82f6-3863bb44ef7c,McKibbin St & Manhattan Ave,40.705109,-73.944073,0.1739,empty
2025-05-08 15:22:32,66dce5c9-0aca-11e7-82f6-3863bb44ef7c,Boerum St & Broadway,40.705381,-73.949765,0.0526,empty
2025-05-08 15:22:32,66dcec6b-0aca-11e7-82f6-3863bb44ef7c,Scholes St & Manhattan Ave,40.708704,-73.944862,0.0833,empty
2025-05-08 15:22:32,66dcecfa-0aca-11e7-82f6-3863bb44ef7c,Stagg St & Union Ave,40.708771,-73.950953,0.1818,empty
2025-05-08 15:22:32,66dcf023-0aca-11e7-82f6-3863bb44ef7c,S 4 St & Rodney St,40.70934,-73.95608,0.1905,empty
2025-05-08 15:22:32,66dcf0b3-0aca-11e7-82f6-3863bb44ef7c,Graham Ave & Grand St,40.711863,-73.944024,0.0,empty
2025-05-08 15:22:32,66dcf897-0aca-11e7-82f6-3863bb44ef7c,Graham Ave & Conselyea St,40.715143,-73.944507,0.9,full
2025-05-08 15:22:32,66dcfaf6-0aca-11e7-82f6-3863bb44ef7c,Union Ave & Jackson St,40.716075,-73.952029,0.15789999999999998,empty
2025-05-08 15:22:32,66dd17a5-0aca-11e7-82f6-3863bb44ef7c,Nassau Ave & Newell St,40.724813,-73.947526,0.1373,empty
2025-05-08 15:22:32,66dd1b65-0aca-11e7-82f6-3863bb44ef7c,Driggs Ave & N Henry St,40.72325,-73.94308,0.1404,empty
2025-05-08 15:22:32,66dd1c7f-0aca-11e7-82f6-3863bb44ef7c,Nassau Ave & Russell St,40.72557,-73.94434,0.0588,empty
2025-05-08 15:22:32,66dd1f44-0aca-11e7-82f6-3863bb44ef7c,Greenpoint Ave & Manhattan Ave,40.73026,-73.95394,0.11109999999999999,empty
2025-05-08 15:22:32,66dd2060-0aca-11e7-82f6-3863bb44ef7c,India St & Manhattan Ave,40.732322,-73.955086,0.08,empty
2025-05-08 15:22:32,66dd20eb-0aca-11e7-82f6-3863bb44ef7c,Huron St & Franklin St,40.73266,-73.95826,0.1714,empty
2025-05-08 15:22:32,66dd217d-0aca-11e7-82f6-3863bb44ef7c,Franklin St & Dupont St,40.73564,-73.95866,0.0741,empty
2025-05-08 15:22:32,66dd2208-0aca-11e7-82f6-3863bb44ef7c,McGuinness Blvd & Eagle St,40.73555,-73.95284,0.11900000000000001,empty
2025-05-08 15:22:32,66dd2292-0aca-11e7-82f6-3863bb44ef7c,Vernon Blvd & 50 Ave,40.742327,-73.954117,0.9778,full
2025-05-08 15:22:32,66dd3fc3-0aca-11e7-82f6-3863bb44ef7c,E 75 St & 3 Ave,40.771129,-73.957723,0.024399999999999998,empty
2025-05-08 15:22:32,66dd4423-0aca-11e7-82f6-3863bb44ef7c,E 81 St & Park Ave,40.776777,-73.95901,0.087,empty
2025-05-08 15:22:32,66dd448f-0aca-11e7-82f6-3863bb44ef7c,E 84 St & Park Ave,40.778627,-73.957721,0.1333,empty
2025-05-08 15:22:32,66dd455e-0aca-11e7-82f6-3863bb44ef7c,E 85 St & 3 Ave,40.778012,-73.954071,0.0513,empty
2025-05-08 15:22:32,66dd46a2-0aca-11e7-82f6-3863bb44ef7c,E 85 St & York Ave,40.775369,-73.948034,0.0426,empty
2025-05-08 15:22:32,66dd470b-0aca-11e7-82f6-3863bb44ef7c,E 81 St & York Ave,40.772838,-73.949892,0.0426,empty
2025-05-08 15:22:32,66dd4841-0aca-11e7-82f6-3863bb44ef7c,E 77 St & 3 Ave,40.773142,-73.958562,0.0435,empty
2025-05-08 15:22:32,66dd491c-0aca-11e7-82f6-3863bb44ef7c,E 72 St & York Ave,40.766638,-73.953483,0.0,empty
2025-05-08 15:22:32,66dd49eb-0aca-11e7-82f6-3863bb44ef7c,W 63 St & Broadway,40.771639,-73.982614,0.0968,empty
2025-05-08 15:22:32,66dd4a52-0aca-11e7-82f6-3863bb44ef7c,W 67 St & Broadway,40.774925,-73.982666,0.0645,empty
2025-05-08 15:22:32,66dd4ac1-0aca-11e7-82f6-3863bb44ef7c,Central Park W & W 76 St,40.778968,-73.973747,0.0,empty
2025-05-08 15:22:32,66dd4b2b-0aca-11e7-82f6-3863bb44ef7c,W 76 St & Columbus Ave,40.780184,-73.977285,0.1961,empty
2025-05-08 15:22:32,66dd4b91-0aca-11e7-82f6-3863bb44ef7c,W 78 St & Broadway,40.7834,-73.980931,0.1282,empty
2025-05-08 15:22:32,66dd4bf7-0aca-11e7-82f6-3863bb44ef7c,Central Park W & W 68 St,40.773407,-73.977825,0.0,empty
2025-05-08 15:22:32,66dd4ccc-0aca-11e7-82f6-3863bb44ef7c,Central Park W & W 72 St,40.775794,-73.976206,0.0,empty
2025-05-08 15:22:32,66dd4de9-0aca-11e7-82f6-3863bb44ef7c,Amsterdam Ave & W 73 St,40.779668,-73.98093,0.1273,empty
2025-05-08 15:22:32,66dd4ec7-0aca-11e7-82f6-3863bb44ef7c,Riverside Dr & W 82 St,40.787209,-73.981281,0.12,empty
2025-05-08 15:22:32,66dd4f31-0aca-11e7-82f6-3863bb44ef7c,W 84 St & Columbus Ave,40.785,-73.972834,0.0,empty
2025-05-08 15:22:32,66dd515d-0aca-11e7-82f6-3863bb44ef7c,W 74 St & Columbus Ave,40.778567,-73.97755,0.1481,empty
2025-05-08 15:22:32,66dd51e6-0aca-11e7-82f6-3863bb44ef7c,Riverside Blvd & W 67 St,40.777507,-73.988886,0.1013,empty
2025-05-08 15:22:32,66dd5407-0aca-11e7-82f6-3863bb44ef7c,Riverside Dr & W 78 St,40.784145,-73.983625,0.0759,empty
2025-05-08 15:22:32,66dd5960-0aca-11e7-82f6-3863bb44ef7c,City Hall,40.717732,-74.043845,0.1364,empty
2025-05-08 15:22:32,66dd80ac-0aca-11e7-82f6-3863bb44ef7c,Newark Ave,40.721525,-74.046305,0.1818,empty
2025-05-08 15:22:32,66dd83fc-0aca-11e7-82f6-3863bb44ef7c,Van Vorst Park,40.718489,-74.047727,0.0,empty
2025-05-08 15:22:32,66dd9213-0aca-11e7-82f6-3863bb44ef7c,W 82 St & Central Park W,40.78275,-73.97137,0.0,empty
2025-05-08 15:22:32,66ddb595-0aca-11e7-82f6-3863bb44ef7c,Monroe St & Tompkins Ave,40.686203,-73.944694,0.10529999999999999,empty
2025-05-08 15:22:32,66dde079-0aca-11e7-82f6-3863bb44ef7c,W 89 St & Columbus Ave,40.788221,-73.970416,0.0417,empty
2025-05-08 15:22:32,66dde103-0aca-11e7-82f6-3863bb44ef7c,E 88 St & Park Ave,40.781411,-73.955959,0.0263,empty
2025-05-08 15:22:32,66dde197-0aca-11e7-82f6-3863bb44ef7c,W 87 St & Amsterdam Ave,40.78839,-73.9747,0.04650000000000001,empty
2025-05-08 15:22:32,66dde208-0aca-11e7-82f6-3863bb44ef7c,E 89 St & 3 Ave,40.780628,-73.952167,0.0,empty
2025-05-08 15:22:32,66dde271-0aca-11e7-82f6-3863bb44ef7c,W 87 St & West End Ave,40.789622,-73.97757,0.0426,empty
2025-05-08 15:22:32,66dde2d9-0aca-11e7-82f6-3863bb44ef7c,E 88 St & 1 Ave,40.778301,-73.948813,0.1282,empty
2025-05-08 15:22:32,66dde4ef-0aca-11e7-82f6-3863bb44ef7c,W 92 St & Broadway,40.7921,-73.9739,0.125,empty
2025-05-08 15:22:32,66dde559-0aca-11e7-82f6-3863bb44ef7c,E 91 St & Park Ave,40.783502,-73.955327,0.0286,empty
2025-05-08 15:22:32,66dde69c-0aca-11e7-82f6-3863bb44ef7c,6 St & 7 Ave,40.668663,-73.979881,0.047599999999999996,empty
2025-05-08 15:22:32,66dde7dc-0aca-11e7-82f6-3863bb44ef7c,Prospect Park West & 8 St,40.665147,-73.976376,0.2,empty
2025-05-08 15:22:32,66dde845-0aca-11e7-82f6-3863bb44ef7c,Columbus Ave & W 95 St,40.791956,-73.968087,0.1429,empty
2025-05-08 15:22:32,66dde8ac-0aca-11e7-82f6-3863bb44ef7c,Columbus Ave & W 103 St,40.796935,-73.964341,0.05,empty
2025-05-08 15:22:32,66dde914-0aca-11e7-82f6-3863bb44ef7c,Butler St & Court St,40.684989,-73.994403,0.0571,empty
2025-05-08 15:22:32,66dde9af-0aca-11e7-82f6-3863bb44ef7c,6 Ave & 9 St,40.668127,-73.983776,0.1852,empty
2025-05-08 15:22:32,66ddea99-0aca-11e7-82f6-3863bb44ef7c,10 St & 7 Ave,40.666208,-73.981999,0.0435,empty
2025-05-08 15:22:32,66ddeaff-0aca-11e7-82f6-3863bb44ef7c,West End Ave & W 94 St,40.794165,-73.974124,0.0323,empty
2025-05-08 15:22:32,66ddeb67-0aca-11e7-82f6-3863bb44ef7c,Kane St & Clinton St,40.686176,-73.996453,0.1481,empty
2025-05-08 15:22:32,66ddec3e-0aca-11e7-82f6-3863bb44ef7c,14 St & 7 Ave,40.663779,-73.983968,0.0417,empty
2025-05-08 15:22:32,66dded7a-0aca-11e7-82f6-3863bb44ef7c,6 Ave & 12 St,40.666318,-73.985462,0.0345,empty
2025-05-08 15:22:32,66ddede1-0aca-11e7-82f6-3863bb44ef7c,W 95 St & Broadway,40.79377,-73.971888,0.0625,empty
2025-05-08 15:22:32,66ddf310-0aca-11e7-82f6-3863bb44ef7c,Clinton St & Union St,40.683116,-73.997853,0.1316,empty
2025-05-08 15:22:32,66de077f-0aca-11e7-82f6-3863bb44ef7c,W 106 St & Central Park W,40.798186,-73.960591,0.0508,empty
2025-05-08 15:22:32,66de099d-0aca-11e7-82f6-3863bb44ef7c,W 100 St & Manhattan Ave,40.795,-73.9645,0.07690000000000001,empty
2025-05-08 15:22:32,66de0bcb-0aca-11e7-82f6-3863bb44ef7c,Riverside Dr & W 104 St,40.801343,-73.971146,0.1379,empty
2025-05-08 15:22:32,66de0c43-0aca-11e7-82f6-3863bb44ef7c,Degraw St & Hoyt St,40.68199,-73.99079,0.1852,empty
2025-05-08 15:22:32,66de12ff-0aca-11e7-82f6-3863bb44ef7c,W 107 St & Columbus Ave,40.799757,-73.962113,0.0,empty
2025-05-08 15:22:32,66de17f7-0aca-11e7-82f6-3863bb44ef7c,W 100 St & Broadway,40.797372,-73.970412,0.07690000000000001,empty
2025-05-08 15:22:32,66de19ab-0aca-11e7-82f6-3863bb44ef7c,3 St & Prospect Park West,40.668132,-73.973638,0.1613,empty
2025-05-08 15:22:32,66de1a8a-0aca-11e7-82f6-3863bb44ef7c,Amsterdam Ave & W 66 St,40.774667,-73.984706,0.1905,empty
2025-05-08 15:22:32,66de1af4-0aca-11e7-82f6-3863bb44ef7c,W 106 St & Amsterdam Ave,40.800836,-73.966449,0.0286,empty
2025-05-08 15:22:32,66de1b5b-0aca-11e7-82f6-3863bb44ef7c,Garfield Pl & 8 Ave,40.671198,-73.974841,0.04,empty
2025-05-08 15:22:32,66de205d-0aca-11e7-82f6-3863bb44ef7c,3 St & 7 Ave,40.670384,-73.978397,0.037000000000000005,empty
2025-05-08 15:22:32,66de20c8-0aca-11e7-82f6-3863bb44ef7c,West End Ave & W 107 St,40.802117,-73.968181,0.0968,empty
2025-05-08 15:22:32,66de2201-0aca-11e7-82f6-3863bb44ef7c,E 82 St & East End Ave,40.772461,-73.946821,0.0,empty
2025-05-08 15:22:32,66de2274-0aca-11e7-82f6-3863bb44ef7c,E 78 St & 2 Ave,40.772797,-73.955778,0.08,empty
2025-05-08 15:22:32,66de2556-0aca-11e7-82f6-3863bb44ef7c,E 74 St & 1 Ave,40.768974,-73.954823,0.1519,empty
2025-05-08 15:22:32,66de2625-0aca-11e7-82f6-3863bb44ef7c,Central Park North & Adam Clayton Powell Blvd,40.799484,-73.955613,0.19440000000000002,empty
2025-05-08 15:22:32,66de269c-0aca-11e7-82f6-3863bb44ef7c,3 Ave & E 72 St,40.769943,-73.960607,0.1429,empty
2025-05-08 15:22:32,66de4078-0aca-11e7-82f6-3863bb44ef7c,Smith St & 3 St,40.678724,-73.995991,0.08,empty
2025-05-08 15:22:32,66de4336-0aca-11e7-82f6-3863bb44ef7c,1 Pl & Clinton St,40.680959,-73.999057,0.0,empty
2025-05-08 15:22:32,66de4959-0aca-11e7-82f6-3863bb44ef7c,Clinton St & 4 Place,40.678356,-74.000145,0.12,empty
2025-05-08 15:22:32,66de5095-0aca-11e7-82f6-3863bb44ef7c,5 St & 6 Ave,40.670484,-73.98209,0.1304,empty
2025-05-08 15:22:32,66de5773-0aca-11e7-82f6-3863bb44ef7c,Pacific St & Nevins St,40.685376,-73.983021,0.16670000000000001,empty
2025-05-08 15:22:32,66de59bd-0aca-11e7-82f6-3863bb44ef7c,Wyckoff St & 3 Ave,40.682755,-73.982586,0.0909,empty
2025-05-08 15:22:32,66de73fd-0aca-11e7-82f6-3863bb44ef7c,Richardson St & N Henry St,40.719079,-73.942237,0.0,empty
2025-05-08 15:22:32,66de871c-0aca-11e7-82f6-3863bb44ef7c,Riverside Dr & W 91 St,40.793135,-73.977004,0.1356,empty
2025-05-08 15:22:32,66dea52b-0aca-11e7-82f6-3863bb44ef7c,Devoe St & Lorimer St,40.713352,-73.949103,0.9473999999999999,full
2025-05-08 15:22:32,66dea7b5-0aca-11e7-82f6-3863bb44ef7c,E 53 St & 3 Ave,40.757632,-73.969306,0.9268000000000001,full
2025-05-08 15:22:32,676b7b4d-b1c0-4c97-8ac3-5fe665e51108,Harlem River Dr & W 155 St,40.830476,-73.939929,0.0417,empty
2025-05-08 15:22:32,679dcf08-d88c-4d1b-b81d-fe9f4aabbff7,Broadway & Madison St,40.68822,-73.91966,0.12,empty
2025-05-08 15:22:32,67f60e7e-397a-4e47-b7f9-d10bd67133b3,W 51 St & Rockefeller Plaza,40.759738,-73.978116,0.0,empty
2025-05-08 15:22:32,6853d09a-cbd8-4378-bc23-02e8bba0b4da,University Ave & Macombs Rd,40.84964,-73.916121,0.0,empty
2025-05-08 15:22:32,6908ae75-b9a1-4f20-b192-95dc43e858a8,64 St & Woodbine St,40.70809,-73.89549,0.10529999999999999,empty
2025-05-08 15:22:32,69f84045-48f9-4c6c-90d3-0503e5ed39e9,Prospect Pl & Underhill Ave,40.676969,-73.96579,0.0435,empty
2025-05-08 15:22:32,6b60bf55-3da4-439a-bde1-fc80be8623ba,Fort Washington Ave & W 173 St,40.84522,-73.940493,0.16670000000000001,empty
2025-05-08 15:22:32,6ca15d94-897a-4c81-ab47-366829afb7c4,Putnam Ave & Wyckoff Ave,40.69811,-73.90904,0.125,empty
2025-05-08 15:22:32,6d766daf-9298-4059-a329-1818582d495f,Borden Ave & Review Ave,40.738663,-73.940938,1.0,full
2025-05-08 15:22:32,6db97fde-68ae-4d2b-b121-b7c17838bbe7,Grand Ave & W 181 St,40.856302,-73.907302,0.0526,empty
2025-05-08 15:22:32,6fb81fda-f0b5-4242-90f9-88d0214feb8d,Sedgwick Ave & W Tremont Ave,40.853045,-73.918306,0.15789999999999998,empty
2025-05-08 15:22:32,6fefe1b3-5f0d-47aa-b1dd-cec211239950,45 St & 4 Ave,40.649145,-74.009486,1.0,full
2025-05-08 15:22:32,6ff2eec8-2b72-490a-b1c3-f9892ab3a724,E 22 St & 2 Ave,40.737169,-73.981225,0.0204,empty
2025-05-08 15:22:32,72196024-6f2b-45cb-9764-609911c7dc0b,Broadway & W 61 St,40.77003,-73.981968,0.0,empty
2025-05-08 15:22:32,7380e377-936d-47d7-8abe-0f666d47465e,W 170 St & University Ave,40.84207,-73.926075,0.1364,empty
2025-05-08 15:22:32,73b403cf-86fd-4f93-a484-5cb06a2abeea,W 18 St & 9 Ave,40.743534,-74.003676,0.07690000000000001,empty
2025-05-08 15:22:32,74723006-b32f-4590-8cc7-f15eec3808fe,Bushwick Ave & Linden St,40.69146,-73.92146,0.0345,empty
2025-05-08 15:22:32,74a1dc19-f894-4246-99f1-476a92452995,Carroll St & Washington Ave,40.668674,-73.961815,0.037000000000000005,empty
2025-05-08 15:22:32,74f913d2-6eac-49ce-bd6d-53a06fa855a6,St Johns Pl & Kingston Ave,40.67113,-73.94222,0.0,empty
2025-05-08 15:22:32,74feba30-26a5-4949-b3a0-d6e13ba1a20c,Engert Ave & McGuinness Blvd,40.72158,-73.94546,0.10529999999999999,empty
2025-05-08 15:22:32,75352ab4-8a31-4926-8b59-048a9e506452,Central Ave & Melrose St,40.70112,-73.93039,0.1765,empty
2025-05-08 15:22:32,753591ba-36f7-4ded-ab7d-40df9994a05f,Madison St & Malcolm X Blvd,40.68713,-73.93008,0.2,empty
2025-05-08 15:22:32,7603028c-8b04-4918-8a25-a087ce57aea4,Suydam St & Broadway,40.69544,-73.93223,0.0,empty
2025-05-08 15:22:32,76c1ef9c-3984-4b4e-bff4-5c398e2395bd,36 St & Ditmars Blvd,40.774306,-73.908335,0.16,empty
2025-05-08 15:22:32,77463580-6421-403d-b170-f2660c216175,Menahan St & Central Ave,40.69543,-73.9196,0.08,empty
2025-05-08 15:22:32,774c5443-d463-42b3-bfc5-b0ab3c56fe35,Wadsworth Ave & W 179 St,40.848467,-73.936064,0.0286,empty
2025-05-08 15:22:32,7779e057-b33e-46a7-8a1e-8c28bcd9a558,Thomas S. Boyland St & Macon St,40.68491,-73.91493,0.0,empty
2025-05-08 15:22:32,785b3e6b-dab5-4d25-afab-e2a1ef918669,51 St & 43 Ave,40.74451,-73.91412,0.0,empty
2025-05-08 15:22:32,78b4aa30-e4e9-4447-9419-c89f8527892e,New York Ave & St Marks Ave,40.67514,-73.94716,0.0435,empty
2025-05-08 15:22:32,7a8bf573-275f-41d5-ad8b-1ff9ee7c2dce,31 St & 21 Ave,40.77813,-73.90842,0.11109999999999999,empty
2025-05-08 15:22:32,7af717b9-99ce-4cce-94b4-b445a40537a1,Knickerbocker Ave & George St,40.704425,-73.92836,0.9129999999999999,full
2025-05-08 15:22:32,7b0227aa-bbf5-4731-a49a-765b4afac483,E 1 St & 1 Ave,40.723356,-73.98865,0.0,empty
2025-05-08 15:22:32,7d41ac98-df88-497a-aef9-968660e6da0f,Central Park W & W 103 St,40.79559,-73.961884,0.025,empty
2025-05-08 15:22:32,7d5fa1f0-4069-4d5d-b735-5d500597394a,W Broadway & Watts St,40.72323,-74.00314,0.9608,full
2025-05-08 15:22:32,7d9a1b9e-0123-4561-a111-b3735fada687,E 170 St & Clay Ave,40.837213,-73.908345,0.0833,empty
2025-05-08 15:22:32,7dda8844-60ba-4449-b05c-54c1d14ab5fb,Broadway & Morris St,40.705945,-74.013219,0.9129999999999999,full
2025-05-08 15:22:32,7efcb97f-6c8f-4445-86a9-3f758a822f17,W 116 St & Amsterdam Ave,40.806758,-73.960708,0.0,empty
2025-05-08 15:22:32,814dd1a9-100c-4b1b-8110-6319bbd464e9,St Marks Ave & Rochester Ave,40.67404,-73.92772,0.05,empty
2025-05-08 15:22:32,821b19c1-ab13-4482-9580-770288a377a7,Madison Ave & E 51 St,40.75863,-73.97513,0.9534999999999999,full
2025-05-08 15:22:32,823ef531-40e6-4397-b973-86bf5b032076,Eastern Pkwy & Troy Ave,40.66929,-73.93679,0.125,empty
2025-05-08 15:22:32,82c85f05-4722-48ae-9f64-0522012eb3c8,Southern Blvd & E 174 St,40.836733,-73.887931,0.037000000000000005,empty
2025-05-08 15:22:32,837b7db3-55c6-4595-a497-834972631752,Stanhope St & Fairview Ave,40.70998,-73.91116,0.0,empty
2025-05-08 15:22:32,85ba92ab-8d0a-4d17-9d07-0173e16d3b6d,Monroe St & Patchen Ave,40.68814,-73.92693,0.1,empty
2025-05-08 15:22:32,88e64257-298c-4b8d-8886-77b9b66dcec1,W 50 St & 10 Ave,40.764734,-73.991944,0.0,empty
2025-05-08 15:22:32,88ee054e-bdeb-4305-8f3b-76eb964f2c84,Jefferson Ave & Evergreen Ave,40.68989,-73.91458,0.0,empty
2025-05-08 15:22:32,89d4a926-f1ae-4bf2-bf2d-59cff3881579,Water St & Fletcher St,40.706411,-74.005597,0.9240999999999999,full
2025-05-08 15:22:32,8aad788d-c7eb-4fca-a426-c39f47741a6f,President St & Nostrand Ave,40.66811,-73.9505,0.0,empty
2025-05-08 15:22:32,8caf71df-76c3-43fb-be98-d555d2291460,Bergen St & Vanderbilt Ave,40.679439,-73.968044,0.11109999999999999,empty
2025-05-08 15:22:32,8cb0375d-bcb2-4c90-9773-41c3c8fdf8d8,Grand St & Samuel Dickstein Plaza,40.715119,-73.984171,0.09880000000000001,empty
2025-05-08 15:22:32,8e631be4-1e0c-4627-a261-18f0003d0ba2,W 116 St & Broadway,40.8082,-73.9641,0.18600000000000003,empty
2025-05-08 15:22:32,8f3a6711-fd05-4ce1-acf8-9d72b4a1bf97,Menahan St & Onderdonk Ave,40.70553,-73.9096,0.0,empty
2025-05-08 15:22:32,901cab1a-a77e-424e-b602-16883e792f93,Pacific St & Ralph Ave,40.67607,-73.92171,0.0526,empty
2025-05-08 15:22:32,9092515e-eef6-478f-910f-1cd19d06bebb,Broadway & Hancock St,40.68663,-73.9168,0.0286,empty
2025-05-08 15:22:32,90c35466-db3c-4b0d-993e-6e92883773b4,6 Ave & Broome St,40.72431,-74.00473,0.9167000000000001,full
2025-05-08 15:22:32,923a60f7-2a0e-4a31-8dd5-66c8518c929e,48 Ave & 41 St,40.73986,-73.924003,0.1429,empty
2025-05-08 15:22:32,92a51669-deec-45a9-8494-fafdf6356c51,30 Ave & 12 St,40.771717,-73.931593,0.1515,empty
2025-05-08 15:22:32,9394fb49-583f-4426-8d2f-a2b0ffb584d2,Stanton St & Norfolk St,40.720747,-73.986274,0.0408,empty
2025-05-08 15:22:32,93e2e1a5-49c5-41f8-a6bf-b399b6a5140d,E 2 St & Ave A,40.723077,-73.985836,0.1176,empty
2025-05-08 15:22:32,941ea42c-47fe-4d63-a6f5-e0e200f01633,Catalpa Ave & Woodward Ave,40.70229,-73.90145,0.0,empty
2025-05-08 15:22:32,956e9f8d-d23a-4a0e-bf28-84180e818af7,Classon Ave & St Marks Ave,40.676513,-73.959431,0.0,empty
2025-05-08 15:22:32,968d40e0-2a5b-4f6c-a161-fad1631b609b,60 Pl & 67 Ave,40.70497,-73.89965,0.1333,empty
2025-05-08 15:22:32,99614ecb-2329-49fa-a13a-fa1ef2bb32d6,Clay Ave & Claremont Pkwy,40.83999,-73.90549,0.9048,full
2025-05-08 15:22:32,99d149f9-ad40-461e-beea-fcbf086f9b5a,E 11 St & Ave B,40.727464,-73.979504,0.12119999999999999,empty
2025-05-08 15:22:32,9a37d8a1-990b-484c-9603-262dbd1165cc,Bleecker St & Forest Ave,40.7107,-73.90525,0.15789999999999998,empty
2025-05-08 15:22:32,9b70cbe2-25fc-42f8-b6e6-ac21ef248e4b,Brooklyn Ave & Dean St,40.67669,-73.94437,0.0526,empty
2025-05-08 15:22:32,9b721468-3b28-429d-9e13-580cdf00a6a4,Wyckoff Ave & Jefferson St,40.707165,-73.923711,1.0,full
2025-05-08 15:22:32,9be6c750-85b6-4e81-bace-1a8ffe941d7b,MacDougal St & Rockaway Ave,40.68018,-73.91136,0.2,empty
2025-05-08 15:22:32,9c147c77-11da-4d0b-8a21-a8042ec8031b,Bedford Ave & Clarkson Ave,40.65519,-73.9564,0.15,empty
2025-05-08 15:22:32,9c1c3499-1b11-471f-b59a-87d9e27e15c5,Broadway & W 142 St,40.824686,-73.951947,0.1739,empty
2025-05-08 15:22:32,9e014047-d675-418b-a03c-84d974a25134,Broadway & W 168 St,40.840896,-73.939721,0.0,empty
2025-05-08 15:22:32,9f702c67-b591-4492-ba90-eb3c7e793dad,University Ave & W Burnside Ave,40.85501,-73.910751,0.125,empty
2025-05-08 15:22:32,a0eec052-257a-4c79-8171-6e2ad9864ad0,Ave D & E 10 St,40.725066,-73.975158,0.0667,empty
2025-05-08 15:22:32,a19d37cc-6070-4e4c-b4ad-3ee21e4a11cb,W 10 St & Washington St,40.733424,-74.008515,0.1618,empty
2025-05-08 15:22:32,a23a40c3-6da5-4b0f-bb6b-8bfc01ec2261,E 155 St & Courtlandt Ave,40.82057,-73.917579,0.0526,empty
2025-05-08 15:22:32,a29b031a-9611-4b11-ad97-6d4da99b03ba,Grand Concourse & E 196 St,40.86767,-73.89286,0.08,empty
2025-05-08 15:22:32,a2f71eea-05a2-4fe7-99ab-f74535c880ae,Bedford Ave & Bergen St,40.676368,-73.952918,0.0417,empty
2025-05-08 15:22:32,a3d72b5b-9587-4f33-9722-c01e20a9b358,Bushwick Ave & Dekalb Ave,40.69502,-73.92825,0.0,empty
2025-05-08 15:22:32,a3e2b360-f050-48ea-b8c8-57d897b8f7fc,Harman St & Seneca Ave,40.70577,-73.91292,0.0,empty
2025-05-08 15:22:32,a4bb6fac-b795-4aa7-a266-613419019290,Gerard Ave & E 164 St,40.830262,-73.923391,0.15789999999999998,empty
2025-05-08 15:22:32,a724eb92-55ca-4b9f-9a87-c2e87b3cbd40,W Tremont Ave & Grand Ave,40.850036,-73.912785,0.1905,empty
2025-05-08 15:22:32,a82cc641-0926-4a63-b488-7060ab7dcd74,43 Ave & 47 St,40.744806,-73.91729,0.0909,empty
2025-05-08 15:22:32,a93cb1ec-fb37-4faf-a7e7-d1e5a9e9af95,Central Park W & W 91 St,40.788665,-73.966801,0.0,empty
2025-05-08 15:22:32,aa0e6301-4162-428d-8943-7b684089b0d1,E 157 St & River Ave,40.825737,-73.927311,1.0,full
2025-05-08 15:22:32,ab5585c8-c2cf-4bab-96cf-d02eced4f6e3,W 104 St & Amsterdam Ave,40.799041,-73.966495,0.10640000000000001,empty
2025-05-08 15:22:32,ab79da3d-f92a-42de-a76d-e05b5d7e724c,Broadway & W 153 St,40.831327,-73.946665,0.0,empty
2025-05-08 15:22:32,abc1311e-e000-4211-af9e-0cf92242711e,Grand Concourse & E 164 St,40.829608,-73.921461,0.1818,empty
2025-05-08 15:22:32,acfeadeb-73bb-4ec3-b809-78675b01af74,Crown St & Rogers Ave,40.66639,-73.95346,0.1429,empty
2025-05-08 15:22:32,add829db-2feb-4e81-af61-056791a6e53b,St Johns Pl & Washington Ave,40.673724,-73.963161,0.0333,empty
2025-05-08 15:22:32,af72781c-fe0b-4b73-a7df-201f9780ea9c,W Broadway & W Houston St,40.726378,-74.000472,0.9,full
2025-05-08 15:22:32,af72ab76-c6cb-4994-af96-51fa8846ecdc,Bergen St & Saratoga Ave,40.67423,-73.91656,0.1,empty
2025-05-08 15:22:32,afc79a38-e26d-48f7-94e4-d0aca8fd1c49,57 St & 43 Ave,40.74324,-73.908,0.15,empty
2025-05-08 15:22:32,b0cc08dc-e7dd-48d1-8901-ba496f3ff2f5,W 64 St & Thelonious Monk Circle,40.77516,-73.989187,0.0233,empty
2025-05-08 15:22:32,b1cdec34-d4f9-4313-be82-729bb9f7bb18,MacDonough St & Malcolm X Blvd,40.68273,-73.92926,0.2,empty
2025-05-08 15:22:32,b1e496f1-43cf-48d0-be49-ab0d760c00bf,Fresh Pond Rd & 69 Ave,40.70311,-73.89547,0.0,empty
2025-05-08 15:22:32,b1f3eb8c-07f9-479f-a8ab-f04e094bc7d0,Columbus Pl & Atlantic Ave,40.67717,-73.92285,0.0,empty
2025-05-08 15:22:32,b35ba3c0-d3e8-4b1a-b63b-73a7bb518c9e,Irving Ave & Palmetto St,40.698,-73.9127,0.1,empty
2025-05-08 15:22:32,b442a648-e9f4-4893-951a-64d258bc0e55,W 50 St & 9 Ave,40.763605,-73.98918,0.1333,empty
2025-05-08 15:22:32,b4974d89-932c-4a9f-a264-2ea0cf70613e,Pinehurst Ave & W 187 St,40.855331,-73.937878,0.1,empty
2025-05-08 15:22:32,b4ae292d-5e89-4c58-8154-0496893394b5,Grand Concourse & E 166 St,40.83196,-73.91956,0.0,empty
2025-05-08 15:22:32,b636a06c-c10e-417a-ac22-14cadb8f8993,65 St & Otto Rd,40.70389,-73.89116,0.0,empty
2025-05-08 15:22:32,b7af52d2-fd23-4970-8513-be7c681480c4,Adams St & Prospect St,40.700763,-73.988698,0.9322,full
2025-05-08 15:22:32,b896d83d-5524-4c9c-a2aa-c1b0edaadc22,Walton Ave & E 168 St,40.83649,-73.918316,0.15,empty
2025-05-08 15:22:32,b90574d1-e9e7-45be-8adb-e38cb285fea5,Carroll St & Franklin Ave,40.667941,-73.9588,0.0,empty
2025-05-08 15:22:32,b930dd82-92d0-4d86-b896-7d8b827c2d5f,Pacific St & Rochester Ave,40.67639,-73.92748,0.15789999999999998,empty
2025-05-08 15:22:32,b94cc90e-9ca2-4471-8371-23be051e0157,7 Ave & Central Park South,40.766741,-73.979069,0.963,full
2025-05-08 15:22:32,b96507c5-7c90-499d-9c45-58f25d6f636a,Shakespeare Ave & W 169 St,40.839312,-73.922423,0.2,empty
2025-05-08 15:22:32,b9deb521-41b6-4f8a-ac78-0e58e3977f2c,Stuyvesant Ave & Hart St,40.69465,-73.9343,0.037000000000000005,empty
2025-05-08 15:22:32,ba0a4ada-c9f6-48b4-a7b3-7220f6fb88c2,Grand Concourse & E 171 St,40.839549,-73.913004,0.04,empty
2025-05-08 15:22:32,bb0ce308-e5d9-48c7-9f4b-cf0120f2c39a,W 145 St & Amsterdam Ave,40.825244,-73.947257,0.125,empty
2025-05-08 15:22:32,bb6bba3f-19a0-4ebb-a454-4ac678d9d62d,St Johns Pl & Utica Ave,40.6705,-73.9308,0.047599999999999996,empty
2025-05-08 15:22:32,bcb08532-f0d5-4c0e-ad8a-4ddacc204791,Madison St & Evergreen Ave,40.69122,-73.91693,0.0556,empty
2025-05-08 15:22:32,bd30f2a1-38ec-474d-9e36-07f688e87427,Manhattan Ave & Leonard St,40.72084,-73.94844,0.16670000000000001,empty
2025-05-08 15:22:32,bdc116cd-4d63-4693-846c-ec5073314007,W 192 St & University Ave,40.866899,-73.901942,0.047599999999999996,empty
2025-05-08 15:22:32,be8e6f1c-e8b5-40bd-896d-423052ba3bbc,Onderdonk Ave & Dekalb Ave,40.70863,-73.91497,0.0,empty
2025-05-08 15:22:32,c00ef46d-fcde-48e2-afbd-0fb595fe3fa7,South St & Broad St,40.701889,-74.010899,0.9677,full
2025-05-08 15:22:32,c0df5c09-2c07-4689-9fe8-36ed81301d7d,Audubon Ave & Fort George Ave,40.857158,-73.927174,0.0435,empty
2025-05-08 15:22:32,c0f952d9-538e-4836-b936-fa97123cbf13,Knickerbocker Ave & Halsey St,40.693,-73.90824,0.0526,empty
2025-05-08 15:22:32,c1144380-c1ac-4315-9b1a-4b4e870ac688,Hancock St & Malcolm X Blvd,40.68487,-73.9293,0.10529999999999999,empty
2025-05-08 15:22:32,c1e24edf-7192-433f-8d38-be5b6b3647c5,North Moore St & Greenwich St,40.720195,-74.010301,0.10339999999999999,empty
2025-05-08 15:22:32,c2bb1874-bcb7-47c5-aa7d-05423b9087e8,Sterling Pl & New York Ave,40.67234,-73.94763,0.0,empty
2025-05-08 15:22:32,c3062f44-c5b9-4650-a4ec-cc66cbf5b944,Grand Concourse & E 199 St,40.87142,-73.88839,0.047599999999999996,empty
2025-05-08 15:22:32,c37931bb-8571-4671-a9a8-f3cf23897680,1 Ave & E 6 St,40.726331,-73.986169,0.15960000000000002,empty
2025-05-08 15:22:32,c38e2cfc-04e6-419c-8bf8-d8713ccf6ea7,Bridge St & York St,40.701334,-73.984712,0.963,full
2025-05-08 15:22:32,c45aa693-fedd-478f-ade9-bf176c4e32ff,Crown St & Troy Ave,40.66559,-73.93712,0.15,empty
2025-05-08 15:22:32,c46a2889-258b-4fc5-a452-1d4e7dfe683a,3 Ave & Franklin Ave,40.82696,-73.907451,0.15789999999999998,empty
2025-05-08 15:22:32,c4e9905f-457b-4be0-a878-2aa53fa0b09b,Hart St & Wyckoff Ave,40.704876,-73.919911,0.9167000000000001,full
2025-05-08 15:22:32,c5861c24-5ac1-41df-82f1-31748d03e868,W 30 St & 8 Ave,40.749653,-73.995208,0.1515,empty
2025-05-08 15:22:32,c63e9937-cadb-4813-aee3-5fd3fcc93767,Malcolm X Blvd & DeKalb Ave,40.6938,-73.93114,0.05,empty
2025-05-08 15:22:32,c7be2714-14db-421f-a19e-f6a7bf6e8d26,25 Ave & 41 St,40.767666,-73.910963,0.0435,empty
2025-05-08 15:22:32,c7ffe3fa-9cd6-4d35-9060-7d5822381442,E 20 St & FDR Dr,40.733209,-73.975681,0.013300000000000001,empty
2025-05-08 15:22:32,c8060816-b4aa-4fd9-bc66-af28bf61dc87,Hamilton Pl & W 140 St,40.822756,-73.951346,0.1905,empty
2025-05-08 15:22:32,c829b6af-002b-4d04-af56-6924d4ad0aa2,W 190 St & St Nicholas Ave,40.854788,-73.929513,0.0,empty
2025-05-08 15:22:32,c83e1ef5-776e-417e-8ee2-d08ca121f884,Underhill Ave & Lincoln Pl,40.674012,-73.967146,0.0,empty
2025-05-08 15:22:32,c9c09ed0-0a52-4d6a-a999-b0848874e51f,Fort Washington Ave & W 183 St,40.852252,-73.937854,0.0,empty
2025-05-08 15:22:32,c9cd8c29-7f0b-4979-9a0e-bec4613d2600,Audubon Ave & W 192 St,40.85589,-73.927082,0.09519999999999999,empty
2025-05-08 15:22:32,c9e76fa9-54e2-4161-9798-4787bf04217a,Patchen Ave & Bainbridge St,40.68143,-73.92565,0.15789999999999998,empty
2025-05-08 15:22:32,ca843847-923a-40b7-80ca-c1c3fff6e818,Macombs Rd & W 175 St,40.848177,-73.916082,0.1,empty
2025-05-08 15:22:32,cad68b8c-6d68-4c5f-88fe-b1aa3e40727a,Bedford Ave & Maple St,40.66035,-73.95679,0.087,empty
2025-05-08 15:22:32,cb4926e6-0a79-4902-80ee-d365fbf42aec,Sheridan Ave & E 172 St,40.840494,-73.911479,0.0417,empty
2025-05-08 15:22:32,cc7b86cf-a2fb-4738-b967-de7b197dc930,Ave A & E 14 St,40.730311,-73.980472,0.1707,empty
2025-05-08 15:22:32,cd2d9dab-7708-4685-a56f-9412c738de7e,Rutland Rd & E 45 St,40.66034,-73.93618,0.9129999999999999,full
2025-05-08 15:22:32,cd4b8e12-b2c7-479b-900d-59cf7d8c4276,Stewart Ave & Johnson Ave,40.70869,-73.92587,0.9412,full
2025-05-08 15:22:32,cd72b9da-b7c6-4785-92b5-0fb2130f0d7b,University Ave & Brandt Pl,40.848354,-73.918389,0.0,empty
2025-05-08 15:22:32,cdb6e2aa-4da3-4ed7-9b13-ce626addf6b0,2 Ave & E 29 St,40.741724,-73.978093,0.1404,empty
2025-05-08 15:22:32,cf284d60-23e7-49ec-91dc-8bfedb59cb6a,E Tremont Ave & Jerome Ave,40.851747,-73.908964,0.9,full
2025-05-08 15:22:32,d040a7b3-85b5-4c0d-9c92-3f4ad0082143,E 170 St & Sheridan Ave,40.838315,-73.912604,0.1333,empty
2025-05-08 15:22:32,d08be53f-9691-4d6f-81f3-7d052abb7dd6,Albany Ave & Carroll St,40.6667,-73.93972,0.0,empty
2025-05-08 15:22:32,d11b9869-8964-4b79-aafc-4b60ad1b44c4,Central Ave & Starr St,40.700003,-73.92834,0.087,empty
2025-05-08 15:22:32,d1c204d7-d575-417d-b134-6ebdf7e99f98,46 St & 30 Rd,40.76072,-73.910989,0.1429,empty
2025-05-08 15:22:32,d29ea280-8b64-4a35-b12b-245525ae2a3a,W 48 St &  Rockefeller Plaza,40.757769,-73.979294,0.9473999999999999,full
2025-05-08 15:22:32,d4c34830-972f-4cd1-81bb-071df209d065,W 181 St & Riverside Dr,40.85168,-73.94186,0.1905,empty
2025-05-08 15:22:32,d5ca6311-7471-480f-9c79-38baaafe34ba,Broadway & Kosciuszko St,40.69329,-73.92852,0.069,empty
2025-05-08 15:22:32,d7904cd0-4b1b-47d0-8103-937bcf5ff845,31 Ave & 14 St,40.7682,-73.932266,0.10529999999999999,empty
2025-05-08 15:22:32,d873e463-2dc9-4bf8-86c7-fea8ddaa3a9f,Washington Ave & E 167 St,40.829896,-73.907618,0.10529999999999999,empty
2025-05-08 15:22:32,d9160982-2d9b-4f08-9469-a559a7b62809,E 13 St & Ave A,40.729667,-73.98068,0.16670000000000001,empty
2025-05-08 15:22:32,d946ce73-5487-4ab7-b429-cf873e9af5b5,Wakeman Pl & Ridge Blvd,40.639421,-74.026823,0.9473999999999999,full
2025-05-08 15:22:32,dadd2084-d844-46f5-b7a4-128d31eeba8e,Aqueduct Ave & North St,40.860479,-73.905717,0.15,empty
2025-05-08 15:22:32,dd351a72-4241-4275-843d-0fffa8a1f414,Sterling Pl & Bedford Ave,40.672695,-73.954131,0.08,empty
2025-05-08 15:22:32,ded4386f-9f69-43c6-a566-4511920c3e39,Mama Johnson Field - 4 St & Jackson St,40.74314,-74.040041,0.0909,empty
2025-05-08 15:22:32,dfad8e49-7e1b-4376-90b4-7a449319f294,48 St & Skillman Ave,40.746229,-73.916163,0.1818,empty
2025-05-08 15:22:32,e163ce54-4c39-43c5-9831-e10a2603527d,JC Medical Center,40.715391,-74.049692,0.09519999999999999,empty
2025-05-08 15:22:32,e1886e7a-62b1-4359-9835-8ab5a16371ae,Grand Concourse & E 175 St,40.846276,-73.909313,0.0417,empty
2025-05-08 15:22:32,e24cb64d-10c2-48db-9440-59e63c0f1c95,Ralph Ave & Fulton St,40.67922,-73.92192,0.04,empty
2025-05-08 15:22:32,e2fc6d90-8deb-4e21-961d-9d5208c1f986,E 14 St & 1 Ave,40.731393,-73.982867,0.0,empty
2025-05-08 15:22:32,e34bb92f-6911-449a-999b-5bc80e0322fe,Hancock St & Stuyvesant Ave,40.68454,-73.9322,0.10529999999999999,empty
2025-05-08 15:22:32,e35494b4-5811-4d2a-87de-4430e56bce2d,Amsterdam Ave & W 189 St,40.853188,-73.927158,0.047599999999999996,empty
2025-05-08 15:22:32,e36b5913-8e46-4c2a-b9be-73bdf8ee548b,2 Ave & E 72 St,40.768762,-73.958408,0.0727,empty
2025-05-08 15:22:32,e3e6105e-eaa2-43c5-badb-fb8592ad7227,43 St & 35 Ave,40.754139,-73.919543,0.0,empty
2025-05-08 15:22:32,e4645d0d-8b76-4c46-b2b9-be25592e0659,43 St & Broadway,40.757728,-73.916637,0.12,empty
2025-05-08 15:22:32,e4980fd0-e540-40ca-acba-c2a74f3294fc,Prospect Park W & 20 St,40.656633,-73.983864,0.0,empty
2025-05-08 15:22:32,e612122d-e0fd-4ebf-8d51-0f48f9d1b580,Willoughby Ave & Wyckoff Ave,40.705614,-73.92153,0.9565,full
2025-05-08 15:22:32,e72f0aec-2293-4636-988c-b9d30df092f8,Liberty St & Nassau St,40.708589,-74.009355,0.9333,full
2025-05-08 15:22:32,e8df73bd-5d3d-47c9-b04d-bcec4db5540f,Cliff St & Fulton St,40.70838,-74.00495,0.9538,full
2025-05-08 15:22:32,e9b3a725-6963-4151-8f7f-9beeb51fa20f,Menahan St & Seneca Ave,40.70461,-73.91054,0.1875,empty
2025-05-08 15:22:32,eb07bdfc-3a6f-40eb-96d2-0b92ac371619,Eastern Pkwy & Brooklyn Ave,40.66939,-73.94514,0.047599999999999996,empty
2025-05-08 15:22:32,eb217a2c-1dd0-4690-a34e-ecc1a708f883,4 Ave & Shore Road Dr,40.637033,-74.022141,0.9,full
2025-05-08 15:22:32,eb6c2359-4825-4bf4-8f2d-8b6dd2bf4212,E 7 St & Ave C,40.724129,-73.979013,0.10529999999999999,empty
2025-05-08 15:22:32,ecbfcdb7-fffc-4d45-bed2-1510fd45834d,Jerome Ave & E 164 St,40.831444,-73.926226,0.9523999999999999,full
2025-05-08 15:22:32,ecc52c52-e2d9-4e73-8f9c-18ad8e9b0606,Schenectady Ave & President St,40.66732,-73.93398,0.0,empty
2025-05-08 15:22:32,ed1199e4-d9a6-4d9e-8c81-62bcd7510a11,67 Ave & Fresh Pond Rd,40.70575,-73.89676,0.0667,empty
2025-05-08 15:22:32,edc9b877-c311-46b4-a780-59ee7e692324,E 4 St & Ave B,40.723347,-73.982659,0.0,empty
2025-05-08 15:22:32,ee1ba75f-baf5-4852-929c-8b7ad310f55a,Willoughby Ave & Onderdonk Ave,40.7098,-73.91727,0.1481,empty
2025-05-08 15:22:32,ee70b21e-4a95-4bdf-802c-50f83a76971d,Cedar St & Evergreen Ave,40.69671,-73.92807,0.0,empty
2025-05-08 15:22:32,eef98eb6-f550-49f9-a910-4d2863e6a591,Buchanan Pl & Grand Ave,40.85834,-73.90626,0.047599999999999996,empty
2025-05-08 15:22:32,efa2a82f-eb4a-4b82-a602-6c42cb984101,Kingston Ave & Montgomery St,40.66481,-73.94269,0.0,empty
2025-05-08 15:22:32,f365afa3-e8a5-439d-975d-6c2b064f30df,Walton Ave & E 183 St,40.858472,-73.90266,0.069,empty
2025-05-08 15:22:32,f3f46097-54cf-4c30-805a-6b2a4851eed7,46 St & 25 Ave,40.765753,-73.90676,0.0417,empty
2025-05-08 15:22:32,f42b3158-3f78-4a62-964a-8cc554d69c35,Maple St & Albany Ave,40.66155,-73.93974,1.0,full
2025-05-08 15:22:32,f47c7f15-1c30-4199-a09f-134f0f0f684b,Lafayette Ave & Stuyvesant Ave,40.691993,-73.93255,0.0833,empty
2025-05-08 15:22:32,f4f9a09c-010c-430c-a766-3390c44b4962,Bainbridge Ave & E 196 St,40.86648,-73.89042,0.11109999999999999,empty
2025-05-08 15:22:32,f62526d4-9c6a-4c76-be76-c64b5be669d2,Steinway St & Ditmars Blvd,40.772717,-73.906127,0.1429,empty
2025-05-08 15:22:32,f6c33f22-d650-4935-a928-fb693a828b5f,St Nicholas Ave & W 155 St,40.830663,-73.941323,0.0,empty
2025-05-08 15:22:32,f7e7f14f-7c39-488e-849b-92c41059eb07,Grand Concourse & E 197 St,40.86945,-73.89148,0.1429,empty
2025-05-08 15:22:32,f833d403-2cf5-424a-a3b3-0314a44b4a67,Clinton St & Cherry St,40.711471,-73.986726,0.12119999999999999,empty
2025-05-08 15:22:32,f91170e6-a33c-4870-94da-9d51510515d2,Prospect Ave & E 167 St,40.826303,-73.898751,0.10529999999999999,empty
2025-05-08 15:22:32,f9ed9a6b-097e-48b9-a9d1-79d084dcd2d9,Anthony Ave & E 175 St,40.846465,-73.903869,0.15789999999999998,empty
2025-05-08 15:22:32,fa14408f-6e88-4668-86ee-ce10ea707f36,Hudson St & N Moore St,40.719888,-74.008627,0.9275,full
2025-05-08 15:22:32,faf98f78-51ab-4248-b7e7-f402902385a6,65 St & Broadway,40.749372,-73.897388,0.11109999999999999,empty
2025-05-08 15:22:32,fb180cce-96ee-4e66-b3ce-000f3db6e670,Eastern Pkwy & Kingston Ave,40.66959,-73.94237,0.0667,empty
2025-05-08 15:22:32,fd0e86e3-079d-40aa-8231-ec2cbdbd9e7f,34 St & 4 Ave,40.655278,-74.003101,0.9129999999999999,full
2025-05-08 15:22:32,fda0c217-9504-4b26-8a25-e40b603ee5fa,Nelson Ave & W 172 St,40.843965,-73.920999,0.2,empty
2025-05-08 15:22:32,fda18503-7488-4b91-b74c-949a90401e83,39 St & 50 Ave,40.738249,-73.927375,0.10529999999999999,empty
2025-05-08 15:22:32,fe6f022b-7fdb-44fe-80bb-cbfc500959bf,W 140 St & Riverside Dr,40.824013,-73.954743,0.1739,empty
2025-05-08 15:22:32,ff2869f0-4381-4cf3-863e-a0d776ec53b4,Old Slip & South St,40.703367,-74.007868,0.9462,full
2025-05-08 15:22:32,ffaa8f6a-a4ea-4d3a-a57c-f42f77cd4581,Thomas S. Boyland St & Fulton St,40.67854,-73.91367,0.0,empty
2025-05-08 15:22:32,ffef95fa-600b-4f08-b2ce-e8eb034ebfd8,46 St & Queens Blvd,40.743498,-73.918605,0.060599999999999994,empty
2025-05-08 15:22:32,fffb18be-14b3-412f-a808-107a98cd9e58,E 182 St & Morris Ave,40.856708,-73.902653,0.0,empty
2025-05-09 16:23:01,0109f17a-2378-4500-9648-88bdb31ec612,Degraw St & 3 Ave,40.67977,-73.9847,0.9714,full
2025-05-09 16:23:01,06109e92-4363-445a-9743-0457f6799530,Madison Ave & E 26 St,40.742685,-73.986713,0.2,empty
2025-05-09 16:23:01,068b919c-f649-4091-8e12-ccf37191cad5,Wilkins Ave & Crotona Park E,40.835302,-73.895133,0.10529999999999999,empty
2025-05-09 16:23:01,09dfc0e3-a448-477c-bb3c-9467dc51ef8d,W 15 St & 6 Ave,40.738046,-73.99643,0.16,empty
2025-05-09 16:23:01,0b009276-767c-47ee-a4d2-7633d4f95d95,W 47 St & 6 Ave,40.758397,-73.98255,0.0484,empty
2025-05-09 16:23:01,0f536c08-dde3-40af-a66d-1fe1e7edecd2,Gerard Ave & E 165 St,40.83173,-73.922394,0.1429,empty
2025-05-09 16:23:01,0fde06c2-632c-46a9-8866-f4e855604f74,Broadway & W 38 St,40.752973,-73.987349,0.0588,empty
2025-05-09 16:23:01,1198e739-787c-4ce4-aa63-ffaf98506e9c,7 Ave & W 55 St,40.764126,-73.980973,0.029900000000000003,empty
2025-05-09 16:23:01,1786375069262703476,Norman Ave & Leonard St,40.725819,-73.950815,0.9355,full
2025-05-09 16:23:01,1786697528321024934,N 5 St & Northside Piers,40.719876,-73.963865,0.9333,full
2025-05-09 16:23:01,1786697771181570266,Kent Ave & Grand St,40.716425,-73.96594,0.9556,full
2025-05-09 16:23:01,1786698158713921798,S 2 St & Kent Ave,40.714731,-73.966612,0.9573999999999999,full
2025-05-09 16:23:01,1786698321265653818,S 4 St & Roebling St,40.710709,-73.959724,0.9756,full
2025-05-09 16:23:01,1791472201147965920,W 54 St & 6 Ave,40.761865,-73.977242,0.09519999999999999,empty
2025-05-09 16:23:01,1836581441921155232,79 St & 37 Ave,40.74937,-73.88714,0.1429,empty
2025-05-09 16:23:01,1964061627836181486,Central Park S & Grand Army Plaza,40.764555,-73.973473,0.1176,empty
2025-05-09 16:23:01,1975518133370609774,Broadway & E 19 St,40.73829,-73.99006,0.1313,empty
2025-05-09 16:23:01,1d977221-b2b5-4fa2-bba0-b00136834fb3,River Ave & McClellan St,40.83406,-73.92243,0.9048,full
2025-05-09 16:23:01,1e226f22-034f-4b99-8184-a8eaa591fbd8,E 44 St & Lexington Ave,40.752643,-73.974996,0.1429,empty
2025-05-09 16:23:01,2004153375425087884,W 51 St & 7 Ave,40.76167,-73.98256,0.15380000000000002,empty
2025-05-09 16:23:01,203d7b9a-8666-4af1-81c7-f9fc36aa0952,Anderson Ave & W 164 St,40.832057,-73.927421,0.10529999999999999,empty
2025-05-09 16:23:01,2637fed8-1e2a-460b-83eb-3eb32ace0f4e,E 35 St & Madison Ave,40.74848,-73.982556,0.14,empty
2025-05-09 16:23:01,2868db5b-df51-4c36-8515-ef77a5b092c2,Irving Ave & Jefferson St,40.70538,-73.92535,1.0,full
2025-05-09 16:23:01,28be450b-7878-4495-add2-61afd94f375a,Ditmars Blvd & 73 St,40.76817,-73.896293,0.9473999999999999,full
2025-05-09 16:23:01,2af3ecc3-4f43-468a-a7cc-bb4804ee3e7a,E 43 St & Madison Ave,40.753547,-73.978966,0.1429,empty
2025-05-09 16:23:01,32c60668-a192-4d06-aa7c-6d6f7aed6b45,Vernon Blvd & 10 St,40.767186,-73.937355,0.9512,full
2025-05-09 16:23:01,341730d7-a61d-499d-8c07-fa015f644e54,W 37 St & Broadway,40.752271,-73.987706,0.11900000000000001,empty
2025-05-09 16:23:01,3863f086-ae35-4d0e-8c91-2b6e3e5827a1,Frost St & Meeker Ave,40.717662,-73.9488,0.9211,full
2025-05-09 16:23:01,426862de-f8f2-4967-ba41-76680a4b460c,Crotona Park East & E 173 St,40.837037,-73.890413,0.10529999999999999,empty
2025-05-09 16:23:01,4543214c-c9d4-4f20-9cd9-dd05cc365931,Sands St & Jay St,40.700119,-73.9862,0.9167000000000001,full
2025-05-09 16:23:01,547cdccc-7864-4898-97c9-8798d924ef54,6 Ave & W 34 St,40.74964,-73.98805,0.1045,empty
2025-05-09 16:23:01,56e18295-f760-4bf3-8aa3-5a1e4ebf606f,Bushwick Ave & McKibbin St,40.705517,-73.93936,0.9523999999999999,full
2025-05-09 16:23:01,581d8683-c217-4f96-89cb-b5a94d780b83,W 55 St & 6 Ave,40.763189,-73.978434,0.013000000000000001,empty
2025-05-09 16:23:01,5864d88d-a0fd-40ad-beee-896118d9360d,42 St & 1 Ave,40.654798,-74.014372,0.9473999999999999,full
2025-05-09 16:23:01,66db3997-0aca-11e7-82f6-3863bb44ef7c,E 48 St & 3 Ave,40.754601,-73.971879,0.1795,empty
2025-05-09 16:23:01,66db3aa3-0aca-11e7-82f6-3863bb44ef7c,Cadman Plaza E & Tillary St,40.695977,-73.990149,0.17309999999999998,empty
2025-05-09 16:23:01,66db473c-0aca-11e7-82f6-3863bb44ef7c,Broadway & W 36 St,40.750977,-73.987654,0.1795,empty
2025-05-09 16:23:01,66db6387-0aca-11e7-82f6-3863bb44ef7c,Broadway & E 14 St,40.734546,-73.990741,0.15789999999999998,empty
2025-05-09 16:23:01,66db7a71-0aca-11e7-82f6-3863bb44ef7c,Cadman Plaza E & Red Cross Pl,40.699918,-73.989718,0.1282,empty
2025-05-09 16:23:01,66dc17df-0aca-11e7-82f6-3863bb44ef7c,E 45 St & 3 Ave,40.752554,-73.972826,0.0588,empty
2025-05-09 16:23:01,66dc21d4-0aca-11e7-82f6-3863bb44ef7c,E 53 St & Madison Ave,40.759711,-73.974023,0.0784,empty
2025-05-09 16:23:01,66dc2238-0aca-11e7-82f6-3863bb44ef7c,Broadway & W 58 St,40.766953,-73.981693,0.0506,empty
2025-05-09 16:23:01,66dc252e-0aca-11e7-82f6-3863bb44ef7c,S 4 St & Wythe Ave,40.712859,-73.965903,0.9459000000000001,full
2025-05-09 16:23:01,66dc28bd-0aca-11e7-82f6-3863bb44ef7c,E 56 St & 3 Ave,40.759345,-73.967597,0.038,empty
2025-05-09 16:23:01,66dc292c-0aca-11e7-82f6-3863bb44ef7c,Broadway & W 41 St,40.755136,-73.98658,0.1818,empty
2025-05-09 16:23:01,66dc2995-0aca-11e7-82f6-3863bb44ef7c,W 25 St & 6 Ave,40.743954,-73.991449,0.1961,empty
2025-05-09 16:23:01,66dc2bc5-0aca-11e7-82f6-3863bb44ef7c,Broadway & W 56 St,40.765265,-73.981923,0.042699999999999995,empty
2025-05-09 16:23:01,66dc2c78-0aca-11e7-82f6-3863bb44ef7c,Broadway & W 53 St,40.763441,-73.982681,0.0706,empty
2025-05-09 16:23:01,66dc3782-0aca-11e7-82f6-3863bb44ef7c,Grand St & Havemeyer St,40.712868,-73.956981,0.9355,full
2025-05-09 16:23:01,66dc3a1a-0aca-11e7-82f6-3863bb44ef7c,E 32 St & Park Ave,40.745712,-73.981948,0.0364,empty
2025-05-09 16:23:01,66dc3e89-0aca-11e7-82f6-3863bb44ef7c,E 31 St & 3 Ave,40.743943,-73.979661,0.07690000000000001,empty
2025-05-09 16:23:01,66dc4599-0aca-11e7-82f6-3863bb44ef7c,S 3 St & Bedford Ave,40.712605,-73.962644,0.92,full
2025-05-09 16:23:01,66dc4b4c-0aca-11e7-82f6-3863bb44ef7c,W 37 St & 5 Ave,40.75038,-73.98339,0.0333,empty
2025-05-09 16:23:01,66dc4bd9-0aca-11e7-82f6-3863bb44ef7c,Broadway & W 29 St,40.746201,-73.988557,0.1782,empty
2025-05-09 16:23:01,66dc741f-0aca-11e7-82f6-3863bb44ef7c,E 16 St & 5 Ave,40.737262,-73.99239,0.13849999999999998,empty
2025-05-09 16:23:01,66dc81ce-0aca-11e7-82f6-3863bb44ef7c,E 51 St & Lexington Ave,40.757148,-73.972078,0.1067,empty
2025-05-09 16:23:01,66dc82ef-0aca-11e7-82f6-3863bb44ef7c,W 43 St & 6 Ave,40.755273,-73.983169,0.11109999999999999,empty
2025-05-09 16:23:01,66dc840f-0aca-11e7-82f6-3863bb44ef7c,E 33 St & 5 Ave,40.747659,-73.984907,0.16670000000000001,empty
2025-05-09 16:23:01,66dc8768-0aca-11e7-82f6-3863bb44ef7c,S 5 Pl & S 5 St,40.710451,-73.960876,0.9767,full
2025-05-09 16:23:01,66dc8eb1-0aca-11e7-82f6-3863bb44ef7c,Wythe Ave & Metropolitan Ave,40.716887,-73.963198,0.9298000000000001,full
2025-05-09 16:23:01,66dc9068-0aca-11e7-82f6-3863bb44ef7c,Central Park S & 6 Ave,40.765909,-73.976342,0.08220000000000001,empty
2025-05-09 16:23:01,66dce2a4-0aca-11e7-82f6-3863bb44ef7c,Humboldt St & Varet St,40.703172,-73.940636,0.9048,full
2025-05-09 16:23:01,66dd1585-0aca-11e7-82f6-3863bb44ef7c,Union Ave & N 12 St,40.71924,-73.95242,0.9487000000000001,full
2025-05-09 16:23:01,66dd18dd-0aca-11e7-82f6-3863bb44ef7c,Driggs Ave & Lorimer St,40.721791,-73.950415,0.9259000000000001,full
2025-05-09 16:23:01,66dd1d9c-0aca-11e7-82f6-3863bb44ef7c,Meserole Ave & Manhattan Ave,40.727086,-73.952991,0.9286,full
2025-05-09 16:23:01,66dd1eb2-0aca-11e7-82f6-3863bb44ef7c,Milton St & Franklin St,40.72906,-73.95779,0.9091,full
2025-05-09 16:23:01,66dd1f44-0aca-11e7-82f6-3863bb44ef7c,Greenpoint Ave & Manhattan Ave,40.73026,-73.95394,0.963,full
2025-05-09 16:23:01,66dd4051-0aca-11e7-82f6-3863bb44ef7c,5 Ave & E 63 St,40.766368,-73.971518,0.0392,empty
2025-05-09 16:23:01,66dd4de9-0aca-11e7-82f6-3863bb44ef7c,Amsterdam Ave & W 73 St,40.779668,-73.98093,0.9455,full
2025-05-09 16:23:01,66dd515d-0aca-11e7-82f6-3863bb44ef7c,W 74 St & Columbus Ave,40.778567,-73.97755,0.9259000000000001,full
2025-05-09 16:23:01,66dd52c8-0aca-11e7-82f6-3863bb44ef7c,W 70 St & Amsterdam Ave,40.77748,-73.982886,0.907,full
2025-05-09 16:23:01,66de1448-0aca-11e7-82f6-3863bb44ef7c,Berkeley Pl & 7 Ave,40.675147,-73.975232,0.10339999999999999,empty
2025-05-09 16:23:01,66de1580-0aca-11e7-82f6-3863bb44ef7c,Grand Army Plaza & Plaza St West,40.672968,-73.97088,0.1282,empty
2025-05-09 16:23:01,66de5e5b-0aca-11e7-82f6-3863bb44ef7c,Plaza St West & Flatbush Ave,40.675021,-73.971115,0.0909,empty
2025-05-09 16:23:01,66de6100-0aca-11e7-82f6-3863bb44ef7c,Douglass St & 3 Ave,40.680213,-73.984327,0.9714,full
2025-05-09 16:23:01,66dea4bf-0aca-11e7-82f6-3863bb44ef7c,Bayard St & Leonard St,40.719156,-73.948854,0.9534999999999999,full
2025-05-09 16:23:01,66dea7b5-0aca-11e7-82f6-3863bb44ef7c,E 53 St & 3 Ave,40.757632,-73.969306,0.048799999999999996,empty
2025-05-09 16:23:01,6fcad2af-c3e2-47a4-8942-023ae4047e67,Ditmars Blvd & 76 St,40.768442,-73.893531,1.0,full
2025-05-09 16:23:01,77e31650-e86a-4b06-b2de-b92df2a7a7f5,34 Ave & Vernon Blvd,40.765354,-73.939863,0.9,full
2025-05-09 16:23:01,7a771842-c090-4da1-8c13-72b7f4f50a87,Leonard St & Nassau Ave,40.723957,-73.949844,0.9444,full
2025-05-09 16:23:01,9157a3bc-43fa-4221-8bb8-17273fc09540,Ditmars Blvd & 79 St,40.768728,-73.890745,0.92,full
2025-05-09 16:23:01,93c28953-7e65-436e-9c5a-9d7ca0e3729f,Lexington Ave & E 36 St,40.747574,-73.978801,0.1739,empty
2025-05-09 16:23:01,94624d6e-4150-4ab1-92ff-bf55cb58ab61,Southern Blvd & E 172 St,40.834124,-73.88955,0.10529999999999999,empty
2025-05-09 16:23:01,94f77501-32e5-4539-90c6-82d4198f7991,Henry St & Remsen St,40.69401,-73.994651,0.9167000000000001,full
2025-05-09 16:23:01,9505c2b7-0c3a-4791-8471-d2092a86291f,Front St & Jay St,40.702461,-73.986842,0.9167000000000001,full
2025-05-09 16:23:01,9a52fbc1-d87a-4a65-941d-12fd55dbcdde,White St & Moore St,40.704508,-73.9351,0.9048,full
2025-05-09 16:23:01,a1112e04-bc50-4782-b3d6-bb5902c0e8db,Broadway & W 133 St,40.819034,-73.956156,0.047599999999999996,empty
2025-05-09 16:23:01,b94cc90e-9ca2-4471-8371-23be051e0157,7 Ave & Central Park South,40.766741,-73.979069,0.024700000000000003,empty
2025-05-09 16:23:01,bca594e5-779f-4866-bd6b-818871f97d38,President St & 4 Ave,40.676757,-73.983262,0.9355,full
2025-05-09 16:23:01,bd30f2a1-38ec-474d-9e36-07f688e87427,Manhattan Ave & Leonard St,40.72084,-73.94844,1.0,full
2025-05-09 16:23:01,cac843c2-8b21-47bb-a3b9-712f95d7f7aa,Harrison Pl & Porter Ave,40.70686,-73.92851,0.9,full
2025-05-09 16:23:01,daefc84c-1b16-4220-8e1f-10ea4866fdc7,Broadway & W 25 St,40.742869,-73.989186,0.0642,empty
2025-05-09 16:23:01,de6f4206-3aa9-4cb9-aae0-8547d2cd6854,White St & Johnson Ave,40.707174,-73.93581,0.9565,full
2025-05-09 16:23:01,e6c2a46e-431a-4101-af84-870f660ff4cb,E 27 St & Park Ave S,40.742752,-73.984716,0.087,empty
2025-05-09 16:23:01,ec42fb3a-af54-46aa-a8b3-b17d72ed4475,34 Ave & 13 St,40.763875,-73.936485,0.9473999999999999,full
2025-05-09 16:23:01,f3b359e2-7983-4aaf-b6b0-e3b7d30816a4,George St & Wilson Ave,40.702997,-73.92997,0.9473999999999999,full
2025-05-09 16:23:01,f72a253f-3cef-4da8-9591-0cbd3a692162,W 40 St & 7 Ave,40.754818,-73.988154,0.0889,empty
2025-05-09 16:23:02,66de1a1f-0aca-11e7-82f6-3863bb44ef7c,E 66 St & Madison Ave,40.768009,-73.968453,0.0541,empty
2025-05-09 16:23:02,a59f4f11-5d52-43a2-8a32-ae71137a6af8,Grand St,40.715178,-74.037683,0.0,empty
